{
"meta":{"test_sets":[],"test_metrics":[],"learn_metrics":[{"best_value":"Min","name":"Logloss"}],"launch_mode":"Train","parameters":"","iteration_count":1000,"learn_sets":["learn"],"name":"experiment"},
"iterations":[
{"learn":[0.6576563764],"iteration":0,"passed_time":0.06950047158,"remaining_time":69.43097111},
{"learn":[0.6251752995],"iteration":1,"passed_time":0.07825753758,"remaining_time":39.05051125},
{"learn":[0.5991795055],"iteration":2,"passed_time":0.0864475261,"remaining_time":28.72939451},
{"learn":[0.5755778632],"iteration":3,"passed_time":0.09420850585,"remaining_time":23.45791796},
{"learn":[0.559850515],"iteration":4,"passed_time":0.1013687547,"remaining_time":20.17238219},
{"learn":[0.5404339211],"iteration":5,"passed_time":0.1091446515,"remaining_time":18.0816306},
{"learn":[0.5269255866],"iteration":6,"passed_time":0.1166960493,"remaining_time":16.55416813},
{"learn":[0.5173782993],"iteration":7,"passed_time":0.1241583523,"remaining_time":15.39563568},
{"learn":[0.5063838129],"iteration":8,"passed_time":0.1319247393,"remaining_time":14.52637963},
{"learn":[0.4962864993],"iteration":9,"passed_time":0.1398400669,"remaining_time":13.84416663},
{"learn":[0.4838131557],"iteration":10,"passed_time":0.1474425052,"remaining_time":13.2564216},
{"learn":[0.4746400488],"iteration":11,"passed_time":0.1577850556,"remaining_time":12.99096958},
{"learn":[0.4674693946],"iteration":12,"passed_time":0.1717556435,"remaining_time":13.04021693},
{"learn":[0.4600879804],"iteration":13,"passed_time":0.1808276102,"remaining_time":12.73543026},
{"learn":[0.4548921501],"iteration":14,"passed_time":0.1889353275,"remaining_time":12.40675317},
{"learn":[0.4496498398],"iteration":15,"passed_time":0.1972959733,"remaining_time":12.13370236},
{"learn":[0.4448732177],"iteration":16,"passed_time":0.2076607949,"remaining_time":12.00768008},
{"learn":[0.4378043407],"iteration":17,"passed_time":0.2152521027,"remaining_time":11.74319805},
{"learn":[0.4317987788],"iteration":18,"passed_time":0.2230253493,"remaining_time":11.51515093},
{"learn":[0.4260245275],"iteration":19,"passed_time":0.2308110183,"remaining_time":11.3097399},
{"learn":[0.4217327941],"iteration":20,"passed_time":0.2382443697,"remaining_time":11.10672562},
{"learn":[0.4164985151],"iteration":21,"passed_time":0.2457744635,"remaining_time":10.92579206},
{"learn":[0.411156183],"iteration":22,"passed_time":0.2537860955,"remaining_time":10.78039197},
{"learn":[0.408482679],"iteration":23,"passed_time":0.2616827811,"remaining_time":10.64176643},
{"learn":[0.4047813831],"iteration":24,"passed_time":0.2690782388,"remaining_time":10.49405131},
{"learn":[0.4011584649],"iteration":25,"passed_time":0.2791232709,"remaining_time":10.45638715},
{"learn":[0.3976048068],"iteration":26,"passed_time":0.2866352868,"remaining_time":10.32948645},
{"learn":[0.3949546453],"iteration":27,"passed_time":0.2926312949,"remaining_time":10.15848638},
{"learn":[0.3912395868],"iteration":28,"passed_time":0.3033312112,"remaining_time":10.15636573},
{"learn":[0.3881924891],"iteration":29,"passed_time":0.3143947581,"remaining_time":10.16543051},
{"learn":[0.3857704798],"iteration":30,"passed_time":0.3221141862,"remaining_time":10.06866601},
{"learn":[0.3836001211],"iteration":31,"passed_time":0.3302387731,"remaining_time":9.989722886},
{"learn":[0.3810843711],"iteration":32,"passed_time":0.3391741234,"remaining_time":9.938829615},
{"learn":[0.3789179022],"iteration":33,"passed_time":0.3470059568,"remaining_time":9.859051597},
{"learn":[0.3761953608],"iteration":34,"passed_time":0.3560224637,"remaining_time":9.816047927},
{"learn":[0.3737326476],"iteration":35,"passed_time":0.3642325821,"remaining_time":9.753339142},
{"learn":[0.3710748572],"iteration":36,"passed_time":0.3727763158,"remaining_time":9.702259247},
{"learn":[0.3684329152],"iteration":37,"passed_time":0.3801728829,"remaining_time":9.624376666},
{"learn":[0.3672019313],"iteration":38,"passed_time":0.3885795219,"remaining_time":9.574997963},
{"learn":[0.3646532412],"iteration":39,"passed_time":0.3972101155,"remaining_time":9.533042771},
{"learn":[0.362890756],"iteration":40,"passed_time":0.4067458348,"remaining_time":9.513884282},
{"learn":[0.3612369235],"iteration":41,"passed_time":0.4141450232,"remaining_time":9.446450767},
{"learn":[0.3594893504],"iteration":42,"passed_time":0.4245903062,"remaining_time":9.449602861},
{"learn":[0.3570078177],"iteration":43,"passed_time":0.4325920093,"remaining_time":9.399044565},
{"learn":[0.3554701511],"iteration":44,"passed_time":0.441516478,"remaining_time":9.369960811},
{"learn":[0.3515339443],"iteration":45,"passed_time":0.4500097244,"remaining_time":9.332810371},
{"learn":[0.3503773298],"iteration":46,"passed_time":0.458474944,"remaining_time":9.296311098},
{"learn":[0.3492653625],"iteration":47,"passed_time":0.4672350811,"remaining_time":9.266829109},
{"learn":[0.3473618038],"iteration":48,"passed_time":0.4761130171,"remaining_time":9.240479169},
{"learn":[0.3447409816],"iteration":49,"passed_time":0.4854954031,"remaining_time":9.22441266},
{"learn":[0.3424126556],"iteration":50,"passed_time":0.4943148213,"remaining_time":9.198132655},
{"learn":[0.341451524],"iteration":51,"passed_time":0.5024770737,"remaining_time":9.160543574},
{"learn":[0.3401496041],"iteration":52,"passed_time":0.5107991545,"remaining_time":9.126920742},
{"learn":[0.3389806442],"iteration":53,"passed_time":0.5197503627,"remaining_time":9.105256353},
{"learn":[0.3382766723],"iteration":54,"passed_time":0.52797722,"remaining_time":9.071608598},
{"learn":[0.3373785228],"iteration":55,"passed_time":0.5381627089,"remaining_time":9.071885665},
{"learn":[0.3355841172],"iteration":56,"passed_time":0.5460370813,"remaining_time":9.033560836},
{"learn":[0.3341373552],"iteration":57,"passed_time":0.5555524688,"remaining_time":9.022938373},
{"learn":[0.3328813622],"iteration":58,"passed_time":0.5638917216,"remaining_time":8.993595086},
{"learn":[0.331346763],"iteration":59,"passed_time":0.5728733507,"remaining_time":8.975015828},
{"learn":[0.3301215845],"iteration":60,"passed_time":0.5802816539,"remaining_time":8.932532345},
{"learn":[0.328789088],"iteration":61,"passed_time":0.5888104116,"remaining_time":8.90813171},
{"learn":[0.3278444602],"iteration":62,"passed_time":0.5969324882,"remaining_time":8.878186373},
{"learn":[0.3264120998],"iteration":63,"passed_time":0.6054134404,"remaining_time":8.854171565},
{"learn":[0.3259254898],"iteration":64,"passed_time":0.6126433425,"remaining_time":8.81263885},
{"learn":[0.324582396],"iteration":65,"passed_time":0.6228556794,"remaining_time":8.814351585},
{"learn":[0.3232517622],"iteration":66,"passed_time":0.6333448097,"remaining_time":8.819562798},
{"learn":[0.3227401946],"iteration":67,"passed_time":0.6414923758,"remaining_time":8.792219033},
{"learn":[0.3219594481],"iteration":68,"passed_time":0.6516591344,"remaining_time":8.792676147},
{"learn":[0.3210707575],"iteration":69,"passed_time":0.6598301772,"remaining_time":8.766315211},
{"learn":[0.3203867389],"iteration":70,"passed_time":0.668701212,"remaining_time":8.749625717},
{"learn":[0.3190103117],"iteration":71,"passed_time":0.6764974876,"remaining_time":8.719300951},
{"learn":[0.3177926263],"iteration":72,"passed_time":0.6864907474,"remaining_time":8.717492094},
{"learn":[0.3165605535],"iteration":73,"passed_time":0.6952315303,"remaining_time":8.699789149},
{"learn":[0.3161547513],"iteration":74,"passed_time":0.7032257496,"remaining_time":8.673117578},
{"learn":[0.3155780666],"iteration":75,"passed_time":0.7126437843,"remaining_time":8.664248115},
{"learn":[0.3142756922],"iteration":76,"passed_time":0.7205680373,"remaining_time":8.637458421},
{"learn":[0.3125244048],"iteration":77,"passed_time":0.7295013816,"remaining_time":8.623080433},
{"learn":[0.311772615],"iteration":78,"passed_time":0.7374587431,"remaining_time":8.597462055},
{"learn":[0.3106661298],"iteration":79,"passed_time":0.744947028,"remaining_time":8.566890822},
{"learn":[0.3101293978],"iteration":80,"passed_time":0.7531979642,"remaining_time":8.545542335},
{"learn":[0.3090610225],"iteration":81,"passed_time":0.7610316413,"remaining_time":8.519842033},
{"learn":[0.308492753],"iteration":82,"passed_time":0.7692597279,"remaining_time":8.498929765},
{"learn":[0.3074344484],"iteration":83,"passed_time":0.7766310669,"remaining_time":8.468976873},
{"learn":[0.3069962706],"iteration":84,"passed_time":0.7837833488,"remaining_time":8.437197225},
{"learn":[0.3057348454],"iteration":85,"passed_time":0.7916158863,"remaining_time":8.413220001},
{"learn":[0.3055036145],"iteration":86,"passed_time":0.7990103508,"remaining_time":8.38501667},
{"learn":[0.3039329334],"iteration":87,"passed_time":0.806571117,"remaining_time":8.359009758},
{"learn":[0.3026636051],"iteration":88,"passed_time":0.8139751941,"remaining_time":8.331813504},
{"learn":[0.3017125106],"iteration":89,"passed_time":0.8213852487,"remaining_time":8.305117515},
{"learn":[0.3007915397],"iteration":90,"passed_time":0.8292736703,"remaining_time":8.283623805},
{"learn":[0.2991846563],"iteration":91,"passed_time":0.836875673,"remaining_time":8.259599034},
{"learn":[0.2982231141],"iteration":92,"passed_time":0.8445484636,"remaining_time":8.236617812},
{"learn":[0.2977258075],"iteration":93,"passed_time":0.8519252109,"remaining_time":8.211108948},
{"learn":[0.2967473119],"iteration":94,"passed_time":0.8596403,"remaining_time":8.189204963},
{"learn":[0.2959835155],"iteration":95,"passed_time":0.8667363449,"remaining_time":8.161767248},
{"learn":[0.2952501009],"iteration":96,"passed_time":0.8743521824,"remaining_time":8.139587843},
{"learn":[0.2934509477],"iteration":97,"passed_time":0.8826635634,"remaining_time":8.124107492},
{"learn":[0.293038957],"iteration":98,"passed_time":0.8915792553,"remaining_time":8.114271808},
{"learn":[0.2916812852],"iteration":99,"passed_time":0.8995254782,"remaining_time":8.095729304},
{"learn":[0.2913355276],"iteration":100,"passed_time":0.9080983316,"remaining_time":8.082974259},
{"learn":[0.2906407078],"iteration":101,"passed_time":0.9167929899,"remaining_time":8.071373578},
{"learn":[0.2894752976],"iteration":102,"passed_time":0.9255330627,"remaining_time":8.060224828},
{"learn":[0.2887740961],"iteration":103,"passed_time":0.9347061951,"remaining_time":8.052853373},
{"learn":[0.2883606556],"iteration":104,"passed_time":0.9430143376,"remaining_time":8.038074592},
{"learn":[0.2879553514],"iteration":105,"passed_time":0.9509458015,"remaining_time":8.020241005},
{"learn":[0.2871145941],"iteration":106,"passed_time":0.960199728,"remaining_time":8.013629506},
{"learn":[0.2853849952],"iteration":107,"passed_time":0.9683063385,"remaining_time":7.997493092},
{"learn":[0.2849950026],"iteration":108,"passed_time":0.9795009621,"remaining_time":8.006746397},
{"learn":[0.2843158788],"iteration":109,"passed_time":0.9872020655,"remaining_time":7.987362166},
{"learn":[0.2832710981],"iteration":110,"passed_time":0.9972454167,"remaining_time":7.986947527},
{"learn":[0.2823073727],"iteration":111,"passed_time":1.00659956,"remaining_time":7.980896513},
{"learn":[0.2807915436],"iteration":112,"passed_time":1.015655252,"remaining_time":7.972444323},
{"learn":[0.2805284833],"iteration":113,"passed_time":1.025356967,"remaining_time":7.969002393},
{"learn":[0.2801104475],"iteration":114,"passed_time":1.034128365,"remaining_time":7.958292197},
{"learn":[0.2798324221],"iteration":115,"passed_time":1.044940284,"remaining_time":7.963165612},
{"learn":[0.2789297272],"iteration":116,"passed_time":1.052444372,"remaining_time":7.942806668},
{"learn":[0.278179088],"iteration":117,"passed_time":1.06279504,"remaining_time":7.94394259},
{"learn":[0.2778063944],"iteration":118,"passed_time":1.072178745,"remaining_time":7.937726679},
{"learn":[0.2769309997],"iteration":119,"passed_time":1.082258211,"remaining_time":7.936560213},
{"learn":[0.2766085483],"iteration":120,"passed_time":1.0940666,"remaining_time":7.94780613},
{"learn":[0.2760692409],"iteration":121,"passed_time":1.109208732,"remaining_time":7.982666122},
{"learn":[0.2756525958],"iteration":122,"passed_time":1.123492262,"remaining_time":8.010591168},
{"learn":[0.2750594469],"iteration":123,"passed_time":1.133634015,"remaining_time":8.008575781},
{"learn":[0.2744263704],"iteration":124,"passed_time":1.146451829,"remaining_time":8.025162801},
{"learn":[0.2738597612],"iteration":125,"passed_time":1.15544571,"remaining_time":8.014758335},
{"learn":[0.2736237138],"iteration":126,"passed_time":1.163383036,"remaining_time":7.997113311},
{"learn":[0.2727727534],"iteration":127,"passed_time":1.171619436,"remaining_time":7.981657405},
{"learn":[0.2721027976],"iteration":128,"passed_time":1.179974532,"remaining_time":7.967114863},
{"learn":[0.2714104237],"iteration":129,"passed_time":1.188199193,"remaining_time":7.951794603},
{"learn":[0.270456595],"iteration":130,"passed_time":1.19578398,"remaining_time":7.932338003},
{"learn":[0.2701363261],"iteration":131,"passed_time":1.203228723,"remaining_time":7.912140393},
{"learn":[0.2697367508],"iteration":132,"passed_time":1.210860005,"remaining_time":7.893350558},
{"learn":[0.2693057566],"iteration":133,"passed_time":1.218328111,"remaining_time":7.873672716},
{"learn":[0.2680430851],"iteration":134,"passed_time":1.225984952,"remaining_time":7.855385061},
{"learn":[0.267779173],"iteration":135,"passed_time":1.233375682,"remaining_time":7.835563158},
{"learn":[0.2669328163],"iteration":136,"passed_time":1.24048569,"remaining_time":7.814154384},
{"learn":[0.2665872507],"iteration":137,"passed_time":1.248176388,"remaining_time":7.796580045},
{"learn":[0.2658604496],"iteration":138,"passed_time":1.257280325,"remaining_time":7.787901871},
{"learn":[0.2655827218],"iteration":139,"passed_time":1.264855237,"remaining_time":7.76982503},
{"learn":[0.2651579539],"iteration":140,"passed_time":1.273819383,"remaining_time":7.760360636},
{"learn":[0.264283452],"iteration":141,"passed_time":1.281936638,"remaining_time":7.745786168},
{"learn":[0.2638769011],"iteration":142,"passed_time":1.291188508,"remaining_time":7.73810176},
{"learn":[0.2633877863],"iteration":143,"passed_time":1.299401924,"remaining_time":7.724222551},
{"learn":[0.2631721414],"iteration":144,"passed_time":1.307922628,"remaining_time":7.71223343},
{"learn":[0.2627245744],"iteration":145,"passed_time":1.316027861,"remaining_time":7.697861599},
{"learn":[0.2622644573],"iteration":146,"passed_time":1.325052317,"remaining_time":7.688909022},
{"learn":[0.2618137337],"iteration":147,"passed_time":1.333899756,"remaining_time":7.678936436},
{"learn":[0.2608906855],"iteration":148,"passed_time":1.341669785,"remaining_time":7.662825419},
{"learn":[0.260468599],"iteration":149,"passed_time":1.349663436,"remaining_time":7.648092806},
{"learn":[0.2598885366],"iteration":150,"passed_time":1.358209985,"remaining_time":7.636558129},
{"learn":[0.2593062753],"iteration":151,"passed_time":1.366545439,"remaining_time":7.623885079},
{"learn":[0.2584066916],"iteration":152,"passed_time":1.374202745,"remaining_time":7.607514542},
{"learn":[0.2582094719],"iteration":153,"passed_time":1.383195963,"remaining_time":7.598596007},
{"learn":[0.2577524542],"iteration":154,"passed_time":1.391377443,"remaining_time":7.585251221},
{"learn":[0.2572980957],"iteration":155,"passed_time":1.400566998,"remaining_time":7.577426581},
{"learn":[0.2570241792],"iteration":156,"passed_time":1.408127669,"remaining_time":7.560838374},
{"learn":[0.2565547973],"iteration":157,"passed_time":1.416952679,"remaining_time":7.551102253},
{"learn":[0.2557133364],"iteration":158,"passed_time":1.425276284,"remaining_time":7.5387255},
{"learn":[0.2554254251],"iteration":159,"passed_time":1.434007111,"remaining_time":7.528537333},
{"learn":[0.2548332131],"iteration":160,"passed_time":1.441497195,"remaining_time":7.511901534},
{"learn":[0.2545831936],"iteration":161,"passed_time":1.44989467,"remaining_time":7.500072429},
{"learn":[0.2542701826],"iteration":162,"passed_time":1.457743334,"remaining_time":7.485467303},
{"learn":[0.2538982552],"iteration":163,"passed_time":1.466425735,"remaining_time":7.475194599},
{"learn":[0.2534032941],"iteration":164,"passed_time":1.473974048,"remaining_time":7.459201998},
{"learn":[0.2532190969],"iteration":165,"passed_time":1.482744055,"remaining_time":7.449449048},
{"learn":[0.253063026],"iteration":166,"passed_time":1.491045235,"remaining_time":7.437369345},
{"learn":[0.2526042746],"iteration":167,"passed_time":1.499673887,"remaining_time":7.426956394},
{"learn":[0.252390808],"iteration":168,"passed_time":1.507536032,"remaining_time":7.412795518},
{"learn":[0.252198934],"iteration":169,"passed_time":1.515947883,"remaining_time":7.401392607},
{"learn":[0.2519497542],"iteration":170,"passed_time":1.523890977,"remaining_time":7.387752166},
{"learn":[0.2516866851],"iteration":171,"passed_time":1.532061215,"remaining_time":7.375271431},
{"learn":[0.2514815175],"iteration":172,"passed_time":1.539085066,"remaining_time":7.357360401},
{"learn":[0.2508015054],"iteration":173,"passed_time":1.547156891,"remaining_time":7.344549378},
{"learn":[0.2504527633],"iteration":174,"passed_time":1.555033369,"remaining_time":7.330871594},
{"learn":[0.2500032425],"iteration":175,"passed_time":1.563352472,"remaining_time":7.319332029},
{"learn":[0.2497163013],"iteration":176,"passed_time":1.57151995,"remaining_time":7.307123837},
{"learn":[0.2493614168],"iteration":177,"passed_time":1.581200933,"remaining_time":7.301950376},
{"learn":[0.2490122822],"iteration":178,"passed_time":1.589550948,"remaining_time":7.290621947},
{"learn":[0.2485590939],"iteration":179,"passed_time":1.598401047,"remaining_time":7.28160477},
{"learn":[0.2482385555],"iteration":180,"passed_time":1.606137066,"remaining_time":7.267548382},
{"learn":[0.247308834],"iteration":181,"passed_time":1.61513407,"remaining_time":7.259228951},
{"learn":[0.2466572762],"iteration":182,"passed_time":1.623353316,"remaining_time":7.247429833},
{"learn":[0.2461065969],"iteration":183,"passed_time":1.632408509,"remaining_time":7.239376865},
{"learn":[0.2459528853],"iteration":184,"passed_time":1.639547017,"remaining_time":7.22286929},
{"learn":[0.2457349245],"iteration":185,"passed_time":1.648695432,"remaining_time":7.215258504},
{"learn":[0.2451320553],"iteration":186,"passed_time":1.656793907,"remaining_time":7.20306656},
{"learn":[0.2448625259],"iteration":187,"passed_time":1.665650629,"remaining_time":7.194193143},
{"learn":[0.2446418216],"iteration":188,"passed_time":1.673564128,"remaining_time":7.181272527},
{"learn":[0.2442141098],"iteration":189,"passed_time":1.682635839,"remaining_time":7.17334226},
{"learn":[0.2437761469],"iteration":190,"passed_time":1.690335917,"remaining_time":7.159590351},
{"learn":[0.243660989],"iteration":191,"passed_time":1.698916602,"remaining_time":7.149607369},
{"learn":[0.2433293974],"iteration":192,"passed_time":1.706127288,"remaining_time":7.133910473},
{"learn":[0.2426664515],"iteration":193,"passed_time":1.715283206,"remaining_time":7.126382804},
{"learn":[0.2424989621],"iteration":194,"passed_time":1.723303552,"remaining_time":7.114150562},
{"learn":[0.2420791895],"iteration":195,"passed_time":1.731649482,"remaining_time":7.103296853},
{"learn":[0.2417617819],"iteration":196,"passed_time":1.739357989,"remaining_time":7.089870382},
{"learn":[0.2413525802],"iteration":197,"passed_time":1.746949409,"remaining_time":7.076027403},
{"learn":[0.241184794],"iteration":198,"passed_time":1.754080841,"remaining_time":7.060395745},
{"learn":[0.240971564],"iteration":199,"passed_time":1.762631471,"remaining_time":7.050525883},
{"learn":[0.2406465903],"iteration":200,"passed_time":1.769749089,"remaining_time":7.034972748},
{"learn":[0.2403928228],"iteration":201,"passed_time":1.778087127,"remaining_time":7.024324392},
{"learn":[0.2399625072],"iteration":202,"passed_time":1.786101504,"remaining_time":7.012428074},
{"learn":[0.2396587011],"iteration":203,"passed_time":1.793607303,"remaining_time":6.998585359},
{"learn":[0.239357916],"iteration":204,"passed_time":1.80155743,"remaining_time":6.986527595},
{"learn":[0.2386835674],"iteration":205,"passed_time":1.809219741,"remaining_time":6.973400361},
{"learn":[0.2384972977],"iteration":206,"passed_time":1.816683363,"remaining_time":6.959564766},
{"learn":[0.2379105801],"iteration":207,"passed_time":1.823874347,"remaining_time":6.944752321},
{"learn":[0.2377908307],"iteration":208,"passed_time":1.832280389,"remaining_time":6.934611426},
{"learn":[0.2373180732],"iteration":209,"passed_time":1.840376554,"remaining_time":6.923321321},
{"learn":[0.236825315],"iteration":210,"passed_time":1.848246662,"remaining_time":6.911216192},
{"learn":[0.23639822],"iteration":211,"passed_time":1.85560241,"remaining_time":6.897239147},
{"learn":[0.2360295803],"iteration":212,"passed_time":1.863576923,"remaining_time":6.885610508},
{"learn":[0.2357614541],"iteration":213,"passed_time":1.871163444,"remaining_time":6.872590968},
{"learn":[0.2355661867],"iteration":214,"passed_time":1.89185375,"remaining_time":6.907466018},
{"learn":[0.2354555553],"iteration":215,"passed_time":1.908285655,"remaining_time":6.926370153},
{"learn":[0.2353143961],"iteration":216,"passed_time":1.921937221,"remaining_time":6.934916332},
{"learn":[0.235096608],"iteration":217,"passed_time":1.936067406,"remaining_time":6.944975739},
{"learn":[0.2349908208],"iteration":218,"passed_time":1.947609939,"remaining_time":6.94558613},
{"learn":[0.234576211],"iteration":219,"passed_time":1.955785287,"remaining_time":6.934147836},
{"learn":[0.234459888],"iteration":220,"passed_time":1.964316203,"remaining_time":6.923992408},
{"learn":[0.2342784064],"iteration":221,"passed_time":1.972380113,"remaining_time":6.912214989},
{"learn":[0.2336848491],"iteration":222,"passed_time":1.979647939,"remaining_time":6.897697078},
{"learn":[0.2334190854],"iteration":223,"passed_time":1.990769253,"remaining_time":6.896593484},
{"learn":[0.2332130689],"iteration":224,"passed_time":1.999707691,"remaining_time":6.887882048},
{"learn":[0.2327696007],"iteration":225,"passed_time":2.007645091,"remaining_time":6.875740269},
{"learn":[0.232523257],"iteration":226,"passed_time":2.015918902,"remaining_time":6.864781108},
{"learn":[0.2323915697],"iteration":227,"passed_time":2.024583143,"remaining_time":6.855167483},
{"learn":[0.2320373099],"iteration":228,"passed_time":2.032811137,"remaining_time":6.84409339},
{"learn":[0.2316392205],"iteration":229,"passed_time":2.041284648,"remaining_time":6.833865997},
{"learn":[0.2315411892],"iteration":230,"passed_time":2.048560755,"remaining_time":6.819667623},
{"learn":[0.2312478022],"iteration":231,"passed_time":2.056741592,"remaining_time":6.808523892},
{"learn":[0.230777767],"iteration":232,"passed_time":2.06482753,"remaining_time":6.797093199},
{"learn":[0.2301828027],"iteration":233,"passed_time":2.072525344,"remaining_time":6.784420571},
{"learn":[0.2299991419],"iteration":234,"passed_time":2.080356104,"remaining_time":6.772223062},
{"learn":[0.2295555243],"iteration":235,"passed_time":2.08835709,"remaining_time":6.760613631},
{"learn":[0.2294086901],"iteration":236,"passed_time":2.096402554,"remaining_time":6.749177844},
{"learn":[0.2291891393],"iteration":237,"passed_time":2.1052206,"remaining_time":6.740244107},
{"learn":[0.2289358003],"iteration":238,"passed_time":2.112571144,"remaining_time":6.726638664},
{"learn":[0.2287474638],"iteration":239,"passed_time":2.120557025,"remaining_time":6.715097247},
{"learn":[0.2285421853],"iteration":240,"passed_time":2.12863145,"remaining_time":6.703864194},
{"learn":[0.2281711302],"iteration":241,"passed_time":2.136518148,"remaining_time":6.692069242},
{"learn":[0.2279130298],"iteration":242,"passed_time":2.144435455,"remaining_time":6.680401808},
{"learn":[0.2276813836],"iteration":243,"passed_time":2.15253287,"remaining_time":6.669323155},
{"learn":[0.2275313606],"iteration":244,"passed_time":2.160772722,"remaining_time":6.658707776},
{"learn":[0.2272192726],"iteration":245,"passed_time":2.168846662,"remaining_time":6.647603184},
{"learn":[0.2269983327],"iteration":246,"passed_time":2.178164304,"remaining_time":6.640314659},
{"learn":[0.2268070263],"iteration":247,"passed_time":2.186244162,"remaining_time":6.629256492},
{"learn":[0.2264353817],"iteration":248,"passed_time":2.194363602,"remaining_time":6.618341626},
{"learn":[0.2262361201],"iteration":249,"passed_time":2.202060994,"remaining_time":6.606182982},
{"learn":[0.2260633225],"iteration":250,"passed_time":2.210558388,"remaining_time":6.596447142},
{"learn":[0.2259364921],"iteration":251,"passed_time":2.217993316,"remaining_time":6.583567463},
{"learn":[0.2253478776],"iteration":252,"passed_time":2.225411974,"remaining_time":6.570682784},
{"learn":[0.224978138],"iteration":253,"passed_time":2.232693131,"remaining_time":6.557437305},
{"learn":[0.2243346049],"iteration":254,"passed_time":2.243141361,"remaining_time":6.553491426},
{"learn":[0.223873471],"iteration":255,"passed_time":2.250741925,"remaining_time":6.541218718},
{"learn":[0.2235041086],"iteration":256,"passed_time":2.258579121,"remaining_time":6.529666486},
{"learn":[0.2233521589],"iteration":257,"passed_time":2.266102703,"remaining_time":6.517241107},
{"learn":[0.223103577],"iteration":258,"passed_time":2.27341357,"remaining_time":6.504245001},
{"learn":[0.222967772],"iteration":259,"passed_time":2.281238765,"remaining_time":6.492756485},
{"learn":[0.2226468009],"iteration":260,"passed_time":2.28868751,"remaining_time":6.480230154},
{"learn":[0.2222601418],"iteration":261,"passed_time":2.296124936,"remaining_time":6.467710699},
{"learn":[0.2221120072],"iteration":262,"passed_time":2.303499752,"remaining_time":6.455054438},
{"learn":[0.2219226809],"iteration":263,"passed_time":2.311102701,"remaining_time":6.443074197},
{"learn":[0.2217214706],"iteration":264,"passed_time":2.318998312,"remaining_time":6.431938714},
{"learn":[0.2214478909],"iteration":265,"passed_time":2.326916589,"remaining_time":6.420890136},
{"learn":[0.2213508305],"iteration":266,"passed_time":2.334721063,"remaining_time":6.40955258},
{"learn":[0.2207732669],"iteration":267,"passed_time":2.342877162,"remaining_time":6.399201802},
{"learn":[0.220428618],"iteration":268,"passed_time":2.351004867,"remaining_time":6.388790179},
{"learn":[0.2201523061],"iteration":269,"passed_time":2.358694685,"remaining_time":6.377211556},
{"learn":[0.219636163],"iteration":270,"passed_time":2.366132432,"remaining_time":6.364983552},
{"learn":[0.2191040731],"iteration":271,"passed_time":2.374195312,"remaining_time":6.354463922},
{"learn":[0.2188813528],"iteration":272,"passed_time":2.382430225,"remaining_time":6.344420416},
{"learn":[0.2186902314],"iteration":273,"passed_time":2.392077102,"remaining_time":6.338131301},
{"learn":[0.2183441558],"iteration":274,"passed_time":2.400539962,"remaining_time":6.328696264},
{"learn":[0.2181673448],"iteration":275,"passed_time":2.408898354,"remaining_time":6.318994234},
{"learn":[0.2178461053],"iteration":276,"passed_time":2.416708671,"remaining_time":6.307871367},
{"learn":[0.2174107468],"iteration":277,"passed_time":2.424815305,"remaining_time":6.297541908},
{"learn":[0.2172856643],"iteration":278,"passed_time":2.43229735,"remaining_time":6.285614299},
{"learn":[0.2171308155],"iteration":279,"passed_time":2.440343132,"remaining_time":6.275168055},
{"learn":[0.2168882277],"iteration":280,"passed_time":2.448455732,"remaining_time":6.264909862},
{"learn":[0.2165989875],"iteration":281,"passed_time":2.455850385,"remaining_time":6.252838925},
{"learn":[0.2164586051],"iteration":282,"passed_time":2.4645112,"remaining_time":6.244008941},
{"learn":[0.2162917899],"iteration":283,"passed_time":2.472270466,"remaining_time":6.232907231},
{"learn":[0.2157821231],"iteration":284,"passed_time":2.48053775,"remaining_time":6.223103478},
{"learn":[0.2156008925],"iteration":285,"passed_time":2.488094821,"remaining_time":6.211537421},
{"learn":[0.2154185982],"iteration":286,"passed_time":2.49592385,"remaining_time":6.20067493},
{"learn":[0.2153123822],"iteration":287,"passed_time":2.50380272,"remaining_time":6.189956723},
{"learn":[0.2149359754],"iteration":288,"passed_time":2.511323374,"remaining_time":6.178376883},
{"learn":[0.2147757846],"iteration":289,"passed_time":2.519204736,"remaining_time":6.167708148},
{"learn":[0.2146361192],"iteration":290,"passed_time":2.526869397,"remaining_time":6.156530593},
{"learn":[0.2143351605],"iteration":291,"passed_time":2.534893978,"remaining_time":6.146249782},
{"learn":[0.2141026537],"iteration":292,"passed_time":2.542477238,"remaining_time":6.13491948},
{"learn":[0.2139635527],"iteration":293,"passed_time":2.550082062,"remaining_time":6.123666449},
{"learn":[0.2138989563],"iteration":294,"passed_time":2.557721593,"remaining_time":6.112521095},
{"learn":[0.2137521925],"iteration":295,"passed_time":2.565056337,"remaining_time":6.100674531},
{"learn":[0.2135959079],"iteration":296,"passed_time":2.572763947,"remaining_time":6.089740924},
{"learn":[0.2134661183],"iteration":297,"passed_time":2.580950042,"remaining_time":6.079956139},
{"learn":[0.2133154912],"iteration":298,"passed_time":2.588332239,"remaining_time":6.068297323},
{"learn":[0.213202967],"iteration":299,"passed_time":2.596338242,"remaining_time":6.058122565},
{"learn":[0.2129629747],"iteration":300,"passed_time":2.604567851,"remaining_time":6.048481487},
{"learn":[0.2127244493],"iteration":301,"passed_time":2.61255464,"remaining_time":6.038288539},
{"learn":[0.2126037186],"iteration":302,"passed_time":2.619898996,"remaining_time":6.026632343},
{"learn":[0.2124598804],"iteration":303,"passed_time":2.627520377,"remaining_time":6.015638757},
{"learn":[0.2119375553],"iteration":304,"passed_time":2.636063638,"remaining_time":6.006767962},
{"learn":[0.2118256798],"iteration":305,"passed_time":2.643272432,"remaining_time":5.99487277},
{"learn":[0.2115691586],"iteration":306,"passed_time":2.652140748,"remaining_time":5.986754197},
{"learn":[0.2111608332],"iteration":307,"passed_time":2.660093425,"remaining_time":5.976573538},
{"learn":[0.2105737073],"iteration":308,"passed_time":2.6684627,"remaining_time":5.967338919},
{"learn":[0.2102724245],"iteration":309,"passed_time":2.675706332,"remaining_time":5.955604417},
{"learn":[0.2100922597],"iteration":310,"passed_time":2.683725417,"remaining_time":5.945616759},
{"learn":[0.2099534855],"iteration":311,"passed_time":2.691608108,"remaining_time":5.935340956},
{"learn":[0.2094330505],"iteration":312,"passed_time":2.699109477,"remaining_time":5.924243484},
{"learn":[0.209160094],"iteration":313,"passed_time":2.707052755,"remaining_time":5.914134362},
{"learn":[0.208854424],"iteration":314,"passed_time":2.714864984,"remaining_time":5.903754013},
{"learn":[0.2087316128],"iteration":315,"passed_time":2.722385743,"remaining_time":5.892759014},
{"learn":[0.2085830121],"iteration":316,"passed_time":2.730701311,"remaining_time":5.883498407},
{"learn":[0.2084106143],"iteration":317,"passed_time":2.738429476,"remaining_time":5.87298397},
{"learn":[0.2082687726],"iteration":318,"passed_time":2.746864694,"remaining_time":5.863996415},
{"learn":[0.2080636917],"iteration":319,"passed_time":2.753936415,"remaining_time":5.852114881},
{"learn":[0.2078178273],"iteration":320,"passed_time":2.76228652,"remaining_time":5.842967436},
{"learn":[0.2074499858],"iteration":321,"passed_time":2.770626969,"remaining_time":5.833804611},
{"learn":[0.2072480102],"iteration":322,"passed_time":2.77886233,"remaining_time":5.824426617},
{"learn":[0.2071120327],"iteration":323,"passed_time":2.786269885,"remaining_time":5.813328525},
{"learn":[0.2069876925],"iteration":324,"passed_time":2.794086829,"remaining_time":5.803103415},
{"learn":[0.2067994164],"iteration":325,"passed_time":2.802761565,"remaining_time":5.794666548},
{"learn":[0.2067148321],"iteration":326,"passed_time":2.811182479,"remaining_time":5.785705835},
{"learn":[0.2065946971],"iteration":327,"passed_time":2.818511235,"remaining_time":5.774510823},
{"learn":[0.2064738699],"iteration":328,"passed_time":2.826248005,"remaining_time":5.764171463},
{"learn":[0.2063697371],"iteration":329,"passed_time":2.834050526,"remaining_time":5.753981371},
{"learn":[0.2062666017],"iteration":330,"passed_time":2.841320422,"remaining_time":5.742729191},
{"learn":[0.2060661693],"iteration":331,"passed_time":2.849311316,"remaining_time":5.732951684},
{"learn":[0.205883069],"iteration":332,"passed_time":2.857247943,"remaining_time":5.723076211},
{"learn":[0.2057592232],"iteration":333,"passed_time":2.864354721,"remaining_time":5.711557617},
{"learn":[0.205545433],"iteration":334,"passed_time":2.872580469,"remaining_time":5.702286603},
{"learn":[0.2051131279],"iteration":335,"passed_time":2.880493229,"remaining_time":5.692403286},
{"learn":[0.204935512],"iteration":336,"passed_time":2.888585815,"remaining_time":5.682885446},
{"learn":[0.2048175169],"iteration":337,"passed_time":2.895914531,"remaining_time":5.671879939},
{"learn":[0.2047183848],"iteration":338,"passed_time":2.903807042,"remaining_time":5.661995442},
{"learn":[0.2043168965],"iteration":339,"passed_time":2.912382777,"remaining_time":5.65344892},
{"learn":[0.2040708704],"iteration":340,"passed_time":2.919670363,"remaining_time":5.642412814},
{"learn":[0.2039715135],"iteration":341,"passed_time":2.927619781,"remaining_time":5.632671977},
{"learn":[0.2036764871],"iteration":342,"passed_time":2.935693794,"remaining_time":5.623180241},
{"learn":[0.2035425126],"iteration":343,"passed_time":2.943872813,"remaining_time":5.613896992},
{"learn":[0.2032560713],"iteration":344,"passed_time":2.951170786,"remaining_time":5.602947435},
{"learn":[0.2030733537],"iteration":345,"passed_time":2.959419721,"remaining_time":5.593816468},
{"learn":[0.2029388273],"iteration":346,"passed_time":2.967800987,"remaining_time":5.584939609},
{"learn":[0.2027384927],"iteration":347,"passed_time":2.975658786,"remaining_time":5.575084852},
{"learn":[0.2025551108],"iteration":348,"passed_time":2.983103995,"remaining_time":5.564471922},
{"learn":[0.2023069913],"iteration":349,"passed_time":2.990917046,"remaining_time":5.554560228},
{"learn":[0.2021955635],"iteration":350,"passed_time":2.999475389,"remaining_time":5.54603854},
{"learn":[0.2018875652],"iteration":351,"passed_time":3.007427437,"remaining_time":5.536400509},
{"learn":[0.2017260215],"iteration":352,"passed_time":3.015557824,"remaining_time":5.527098902},
{"learn":[0.2015059906],"iteration":353,"passed_time":3.022920953,"remaining_time":5.516403773},
{"learn":[0.201264139],"iteration":354,"passed_time":3.030468428,"remaining_time":5.506062354},
{"learn":[0.2010659187],"iteration":355,"passed_time":3.03815263,"remaining_time":5.495983972},
{"learn":[0.2009737526],"iteration":356,"passed_time":3.045911702,"remaining_time":5.48605385},
{"learn":[0.2009105186],"iteration":357,"passed_time":3.053778916,"remaining_time":5.476329789},
{"learn":[0.2008084726],"iteration":358,"passed_time":3.0614325,"remaining_time":5.466234631},
{"learn":[0.2007087836],"iteration":359,"passed_time":3.068801112,"remaining_time":5.455646421},
{"learn":[0.2004490226],"iteration":360,"passed_time":3.076127268,"remaining_time":5.445000899},
{"learn":[0.2003252719],"iteration":361,"passed_time":3.085966979,"remaining_time":5.438803682},
{"learn":[0.2001814037],"iteration":362,"passed_time":3.096219777,"remaining_time":5.433311289},
{"learn":[0.2000451212],"iteration":363,"passed_time":3.104038449,"remaining_time":5.423539708},
{"learn":[0.1999564867],"iteration":364,"passed_time":3.111187987,"remaining_time":5.412614717},
{"learn":[0.1998155504],"iteration":365,"passed_time":3.118531066,"remaining_time":5.402045616},
{"learn":[0.1997317559],"iteration":366,"passed_time":3.127936181,"remaining_time":5.395050689},
{"learn":[0.1994969283],"iteration":367,"passed_time":3.137390156,"remaining_time":5.388126572},
{"learn":[0.1992973006],"iteration":368,"passed_time":3.151052318,"remaining_time":5.388384858},
{"learn":[0.1991588066],"iteration":369,"passed_time":3.167478347,"remaining_time":5.393273943},
{"learn":[0.1990500897],"iteration":370,"passed_time":3.18699996,"remaining_time":5.403296428},
{"learn":[0.1988930505],"iteration":371,"passed_time":3.21203594,"remaining_time":5.422469275},
{"learn":[0.1987800147],"iteration":372,"passed_time":3.22882899,"remaining_time":5.427548999},
{"learn":[0.1986349108],"iteration":373,"passed_time":3.25025871,"remaining_time":5.440272599},
{"learn":[0.1985171453],"iteration":374,"passed_time":3.267699514,"remaining_time":5.446165856},
{"learn":[0.1982382398],"iteration":375,"passed_time":3.276436048,"remaining_time":5.437489611},
{"learn":[0.1981213056],"iteration":376,"passed_time":3.286308022,"remaining_time":5.430689385},
{"learn":[0.1979888544],"iteration":377,"passed_time":3.298968679,"remaining_time":5.428461688},
{"learn":[0.197769699],"iteration":378,"passed_time":3.313492098,"remaining_time":5.429231116},
{"learn":[0.1975985692],"iteration":379,"passed_time":3.325791636,"remaining_time":5.426291617},
{"learn":[0.1974034431],"iteration":380,"passed_time":3.334606321,"remaining_time":5.417641241},
{"learn":[0.1973166994],"iteration":381,"passed_time":3.345354163,"remaining_time":5.412117468},
{"learn":[0.1971859931],"iteration":382,"passed_time":3.359609931,"remaining_time":5.412217566},
{"learn":[0.1969578897],"iteration":383,"passed_time":3.369313196,"remaining_time":5.404939918},
{"learn":[0.1967949764],"iteration":384,"passed_time":3.379354231,"remaining_time":5.398189226},
{"learn":[0.1964717479],"iteration":385,"passed_time":3.389691769,"remaining_time":5.391893124},
{"learn":[0.1961998844],"iteration":386,"passed_time":3.397039428,"remaining_time":5.38084023},
{"learn":[0.19609887],"iteration":387,"passed_time":3.404566671,"remaining_time":5.370089698},
{"learn":[0.1960024404],"iteration":388,"passed_time":3.413407541,"remaining_time":5.361419042},
{"learn":[0.1958918816],"iteration":389,"passed_time":3.420618561,"remaining_time":5.350198263},
{"learn":[0.1957502153],"iteration":390,"passed_time":3.428279079,"remaining_time":5.339698105},
{"learn":[0.1955729887],"iteration":391,"passed_time":3.435880751,"remaining_time":5.329121164},
{"learn":[0.1953718665],"iteration":392,"passed_time":3.443568223,"remaining_time":5.318691886},
{"learn":[0.1952305442],"iteration":393,"passed_time":3.451369028,"remaining_time":5.30845084},
{"learn":[0.1950968299],"iteration":394,"passed_time":3.458793774,"remaining_time":5.29764616},
{"learn":[0.194957484],"iteration":395,"passed_time":3.466375028,"remaining_time":5.287097264},
{"learn":[0.1947820149],"iteration":396,"passed_time":3.473880187,"remaining_time":5.276447739},
{"learn":[0.1945943936],"iteration":397,"passed_time":3.482391314,"remaining_time":5.267335605},
{"learn":[0.1944322655],"iteration":398,"passed_time":3.490781013,"remaining_time":5.258043581},
{"learn":[0.1942187384],"iteration":399,"passed_time":3.498553919,"remaining_time":5.247830878},
{"learn":[0.1941312976],"iteration":400,"passed_time":3.506199013,"remaining_time":5.237439424},
{"learn":[0.1940296111],"iteration":401,"passed_time":3.514381544,"remaining_time":5.227861103},
{"learn":[0.193870127],"iteration":402,"passed_time":3.521294678,"remaining_time":5.216409237},
{"learn":[0.1937811722],"iteration":403,"passed_time":3.528663663,"remaining_time":5.205652335},
{"learn":[0.1936574011],"iteration":404,"passed_time":3.53679027,"remaining_time":5.196025212},
{"learn":[0.1934667805],"iteration":405,"passed_time":3.544498465,"remaining_time":5.185793321},
{"learn":[0.1933433952],"iteration":406,"passed_time":3.551949285,"remaining_time":5.175198835},
{"learn":[0.1932129068],"iteration":407,"passed_time":3.559790324,"remaining_time":5.16518596},
{"learn":[0.1931265031],"iteration":408,"passed_time":3.567398317,"remaining_time":5.154846957},
{"learn":[0.1930575627],"iteration":409,"passed_time":3.575528868,"remaining_time":5.14527325},
{"learn":[0.1929793559],"iteration":410,"passed_time":3.583149537,"remaining_time":5.134975857},
{"learn":[0.1928533494],"iteration":411,"passed_time":3.591402771,"remaining_time":5.125594246},
{"learn":[0.1927900374],"iteration":412,"passed_time":3.599045662,"remaining_time":5.115350614},
{"learn":[0.1926655368],"iteration":413,"passed_time":3.606418726,"remaining_time":5.104737617},
{"learn":[0.1925546502],"iteration":414,"passed_time":3.614282611,"remaining_time":5.094832115},
{"learn":[0.1923076895],"iteration":415,"passed_time":3.622381323,"remaining_time":5.085266088},
{"learn":[0.1922166147],"iteration":416,"passed_time":3.631025188,"remaining_time":5.076469267},
{"learn":[0.1921498676],"iteration":417,"passed_time":3.638170394,"remaining_time":5.065586529},
{"learn":[0.1920544106],"iteration":418,"passed_time":3.64590694,"remaining_time":5.055541604},
{"learn":[0.1919595707],"iteration":419,"passed_time":3.654033505,"remaining_time":5.046046269},
{"learn":[0.1918595276],"iteration":420,"passed_time":3.661668931,"remaining_time":5.035881974},
{"learn":[0.191506697],"iteration":421,"passed_time":3.669494859,"remaining_time":5.025990589},
{"learn":[0.1913304268],"iteration":422,"passed_time":3.677504618,"remaining_time":5.016359727},
{"learn":[0.1911662156],"iteration":423,"passed_time":3.68616739,"remaining_time":5.007623625},
{"learn":[0.1910700107],"iteration":424,"passed_time":3.693778466,"remaining_time":4.997464983},
{"learn":[0.1909560819],"iteration":425,"passed_time":3.701696449,"remaining_time":4.987731835},
{"learn":[0.1908996747],"iteration":426,"passed_time":3.709306955,"remaining_time":4.977594579},
{"learn":[0.1907801253],"iteration":427,"passed_time":3.716723508,"remaining_time":4.967209922},
{"learn":[0.1906381213],"iteration":428,"passed_time":3.724830946,"remaining_time":4.957758672},
{"learn":[0.1905505602],"iteration":429,"passed_time":3.732678227,"remaining_time":4.947968812},
{"learn":[0.190498075],"iteration":430,"passed_time":3.739756863,"remaining_time":4.937173213},
{"learn":[0.1903971658],"iteration":431,"passed_time":3.747669094,"remaining_time":4.927490846},
{"learn":[0.1903006672],"iteration":432,"passed_time":3.755289639,"remaining_time":4.917434701},
{"learn":[0.1902139797],"iteration":433,"passed_time":3.762718949,"remaining_time":4.90714038},
{"learn":[0.1901506768],"iteration":434,"passed_time":3.770109727,"remaining_time":4.896809185},
{"learn":[0.1900485477],"iteration":435,"passed_time":3.777732605,"remaining_time":4.886791718},
{"learn":[0.1898445727],"iteration":436,"passed_time":3.786427877,"remaining_time":4.878166808},
{"learn":[0.1895708853],"iteration":437,"passed_time":3.793581641,"remaining_time":4.867563659},
{"learn":[0.1894561293],"iteration":438,"passed_time":3.801442583,"remaining_time":4.857879929},
{"learn":[0.1893752221],"iteration":439,"passed_time":3.8091577,"remaining_time":4.848018891},
{"learn":[0.1892880219],"iteration":440,"passed_time":3.817561531,"remaining_time":4.839040581},
{"learn":[0.189197289],"iteration":441,"passed_time":3.825018439,"remaining_time":4.828869432},
{"learn":[0.1890814787],"iteration":442,"passed_time":3.833576416,"remaining_time":4.820094952},
{"learn":[0.1889758223],"iteration":443,"passed_time":3.842000424,"remaining_time":4.811153684},
{"learn":[0.1888708663],"iteration":444,"passed_time":3.849278587,"remaining_time":4.800785653},
{"learn":[0.1886633854],"iteration":445,"passed_time":3.857420181,"remaining_time":4.791503992},
{"learn":[0.188583948],"iteration":446,"passed_time":3.865067183,"remaining_time":4.781615554},
{"learn":[0.1885055081],"iteration":447,"passed_time":3.872669675,"remaining_time":4.771682279},
{"learn":[0.1884044203],"iteration":448,"passed_time":3.880223129,"remaining_time":4.761699207},
{"learn":[0.1883002552],"iteration":449,"passed_time":3.888476036,"remaining_time":4.752581821},
{"learn":[0.1882008257],"iteration":450,"passed_time":3.896447807,"remaining_time":4.743126045},
{"learn":[0.1879525223],"iteration":451,"passed_time":3.903806389,"remaining_time":4.73293341},
{"learn":[0.1878062234],"iteration":452,"passed_time":3.912019176,"remaining_time":4.723784744},
{"learn":[0.1875584379],"iteration":453,"passed_time":3.919396375,"remaining_time":4.713635288},
{"learn":[0.1874915141],"iteration":454,"passed_time":3.926721205,"remaining_time":4.70343529},
{"learn":[0.1874010161],"iteration":455,"passed_time":3.93442999,"remaining_time":4.693705953},
{"learn":[0.1872717496],"iteration":456,"passed_time":3.942750139,"remaining_time":4.684711872},
{"learn":[0.1871767238],"iteration":457,"passed_time":3.950053959,"remaining_time":4.674518004},
{"learn":[0.1871237549],"iteration":458,"passed_time":3.957423706,"remaining_time":4.664414433},
{"learn":[0.1869989618],"iteration":459,"passed_time":3.965250066,"remaining_time":4.654858773},
{"learn":[0.1869050235],"iteration":460,"passed_time":3.97393367,"remaining_time":4.646312902},
{"learn":[0.1868285726],"iteration":461,"passed_time":3.981843413,"remaining_time":4.636865273},
{"learn":[0.1867405159],"iteration":462,"passed_time":3.989964513,"remaining_time":4.627669425},
{"learn":[0.1865659568],"iteration":463,"passed_time":3.99799552,"remaining_time":4.618374135},
{"learn":[0.1863940289],"iteration":464,"passed_time":4.006104627,"remaining_time":4.609174141},
{"learn":[0.1862583731],"iteration":465,"passed_time":4.013293026,"remaining_time":4.598923768},
{"learn":[0.186114706],"iteration":466,"passed_time":4.021710284,"remaining_time":4.590089039},
{"learn":[0.1859663564],"iteration":467,"passed_time":4.028127669,"remaining_time":4.578982735},
{"learn":[0.1858300571],"iteration":468,"passed_time":4.034752077,"remaining_time":4.568130817},
{"learn":[0.1857586442],"iteration":469,"passed_time":4.043186326,"remaining_time":4.559337772},
{"learn":[0.1856044664],"iteration":470,"passed_time":4.050874266,"remaining_time":4.549708039},
{"learn":[0.1854995658],"iteration":471,"passed_time":4.058307004,"remaining_time":4.539801055},
{"learn":[0.1853398672],"iteration":472,"passed_time":4.06589041,"remaining_time":4.530072401},
{"learn":[0.1852065108],"iteration":473,"passed_time":4.073469956,"remaining_time":4.520348517},
{"learn":[0.1851537007],"iteration":474,"passed_time":4.080560626,"remaining_time":4.510093324},
{"learn":[0.1850376085],"iteration":475,"passed_time":4.088931306,"remaining_time":4.501260513},
{"learn":[0.1849488832],"iteration":476,"passed_time":4.096711825,"remaining_time":4.491782567},
{"learn":[0.1848720487],"iteration":477,"passed_time":4.103885326,"remaining_time":4.481648829},
{"learn":[0.184778593],"iteration":478,"passed_time":4.111403544,"remaining_time":4.471902394},
{"learn":[0.1846539323],"iteration":479,"passed_time":4.119298855,"remaining_time":4.46257376},
{"learn":[0.1845695355],"iteration":480,"passed_time":4.126894997,"remaining_time":4.452928282},
{"learn":[0.1845035244],"iteration":481,"passed_time":4.134455511,"remaining_time":4.443253018},
{"learn":[0.1843981083],"iteration":482,"passed_time":4.142982953,"remaining_time":4.434621505},
{"learn":[0.1842292244],"iteration":483,"passed_time":4.150998979,"remaining_time":4.425445193},
{"learn":[0.1841060139],"iteration":484,"passed_time":4.158562705,"remaining_time":4.415793388},
{"learn":[0.1839914695],"iteration":485,"passed_time":4.165866669,"remaining_time":4.405875448},
{"learn":[0.1839578523],"iteration":486,"passed_time":4.173386864,"remaining_time":4.396196019},
{"learn":[0.1838442805],"iteration":487,"passed_time":4.180054928,"remaining_time":4.3856314},
{"learn":[0.1835394333],"iteration":488,"passed_time":4.187802757,"remaining_time":4.376211061},
{"learn":[0.1833357128],"iteration":489,"passed_time":4.195393095,"remaining_time":4.366633629},
{"learn":[0.183154895],"iteration":490,"passed_time":4.2052394,"remaining_time":4.359402962},
{"learn":[0.1830805342],"iteration":491,"passed_time":4.212546412,"remaining_time":4.349539792},
{"learn":[0.1829370531],"iteration":492,"passed_time":4.220305874,"remaining_time":4.340152288},
{"learn":[0.1827240655],"iteration":493,"passed_time":4.228290062,"remaining_time":4.331001562},
{"learn":[0.182569307],"iteration":494,"passed_time":4.236019431,"remaining_time":4.321595581},
{"learn":[0.1825044242],"iteration":495,"passed_time":4.244409002,"remaining_time":4.312867211},
{"learn":[0.1823942814],"iteration":496,"passed_time":4.252484577,"remaining_time":4.303822419},
{"learn":[0.1822998213],"iteration":497,"passed_time":4.26092682,"remaining_time":4.295151131},
{"learn":[0.1822109466],"iteration":498,"passed_time":4.268234691,"remaining_time":4.285341844},
{"learn":[0.1821225876],"iteration":499,"passed_time":4.276409561,"remaining_time":4.276409561},
{"learn":[0.1820078633],"iteration":500,"passed_time":4.28409855,"remaining_time":4.26699636},
{"learn":[0.1819395544],"iteration":501,"passed_time":4.291604477,"remaining_time":4.257408426},
{"learn":[0.1817565342],"iteration":502,"passed_time":4.29929328,"remaining_time":4.248009463},
{"learn":[0.1816343262],"iteration":503,"passed_time":4.306998766,"remaining_time":4.238633706},
{"learn":[0.181542775],"iteration":504,"passed_time":4.315310598,"remaining_time":4.229858903},
{"learn":[0.1814452594],"iteration":505,"passed_time":4.322307775,"remaining_time":4.219802453},
{"learn":[0.1812403416],"iteration":506,"passed_time":4.330214926,"remaining_time":4.210642916},
{"learn":[0.1811318119],"iteration":507,"passed_time":4.338719903,"remaining_time":4.202067308},
{"learn":[0.1809681645],"iteration":508,"passed_time":4.346229418,"remaining_time":4.192531717},
{"learn":[0.1808895748],"iteration":509,"passed_time":4.353458824,"remaining_time":4.182734949},
{"learn":[0.1807369818],"iteration":510,"passed_time":4.360944031,"remaining_time":4.173193016},
{"learn":[0.180614439],"iteration":511,"passed_time":4.36871256,"remaining_time":4.163929159},
{"learn":[0.1805356929],"iteration":512,"passed_time":4.377460505,"remaining_time":4.155600908},
{"learn":[0.180449867],"iteration":513,"passed_time":4.386344821,"remaining_time":4.147399967},
{"learn":[0.1802942776],"iteration":514,"passed_time":4.393626855,"remaining_time":4.137687426},
{"learn":[0.180037804],"iteration":515,"passed_time":4.401064159,"remaining_time":4.128129948},
{"learn":[0.1799463176],"iteration":516,"passed_time":4.412072994,"remaining_time":4.121917323},
{"learn":[0.1798410908],"iteration":517,"passed_time":4.427155006,"remaining_time":4.119476279},
{"learn":[0.179778176],"iteration":518,"passed_time":4.435883643,"remaining_time":4.111098329},
{"learn":[0.1796635831],"iteration":519,"passed_time":4.443861131,"remaining_time":4.102025659},
{"learn":[0.1795265753],"iteration":520,"passed_time":4.451757421,"remaining_time":4.092882543},
{"learn":[0.1794530212],"iteration":521,"passed_time":4.458760171,"remaining_time":4.08292598},
{"learn":[0.1793754009],"iteration":522,"passed_time":4.466119096,"remaining_time":4.073305562},
{"learn":[0.1792957455],"iteration":523,"passed_time":4.473771324,"remaining_time":4.063960211},
{"learn":[0.1791378258],"iteration":524,"passed_time":4.480767225,"remaining_time":4.05402749},
{"learn":[0.1790233247],"iteration":525,"passed_time":4.487483324,"remaining_time":4.043853794},
{"learn":[0.1789243492],"iteration":526,"passed_time":4.496069598,"remaining_time":4.035371764},
{"learn":[0.178784341],"iteration":527,"passed_time":4.504115158,"remaining_time":4.026405975},
{"learn":[0.1786291237],"iteration":528,"passed_time":4.512297056,"remaining_time":4.017565053},
{"learn":[0.1785398246],"iteration":529,"passed_time":4.520181501,"remaining_time":4.008462841},
{"learn":[0.1784460444],"iteration":530,"passed_time":4.528312776,"remaining_time":3.999583224},
{"learn":[0.1783794254],"iteration":531,"passed_time":4.535963639,"remaining_time":3.990283803},
{"learn":[0.1783027402],"iteration":532,"passed_time":4.543511418,"remaining_time":3.980900248},
{"learn":[0.1781813121],"iteration":533,"passed_time":4.551741409,"remaining_time":3.972118907},
{"learn":[0.1780950338],"iteration":534,"passed_time":4.55902507,"remaining_time":3.962517117},
{"learn":[0.1779935408],"iteration":535,"passed_time":4.566279339,"remaining_time":3.952898533},
{"learn":[0.1779184816],"iteration":536,"passed_time":4.57354579,"remaining_time":3.943299257},
{"learn":[0.1778381346],"iteration":537,"passed_time":4.580744365,"remaining_time":3.933650366},
{"learn":[0.1776583494],"iteration":538,"passed_time":4.589007692,"remaining_time":3.924921235},
{"learn":[0.1775969221],"iteration":539,"passed_time":4.596319643,"remaining_time":3.9153834},
{"learn":[0.1774577755],"iteration":540,"passed_time":4.604320047,"remaining_time":3.906437895},
{"learn":[0.1773658279],"iteration":541,"passed_time":4.612210667,"remaining_time":3.89740311},
{"learn":[0.1773136067],"iteration":542,"passed_time":4.619523769,"remaining_time":3.887886487},
{"learn":[0.1772273331],"iteration":543,"passed_time":4.62987201,"remaining_time":3.880922126},
{"learn":[0.1771459444],"iteration":544,"passed_time":4.64036412,"remaining_time":3.874065458},
{"learn":[0.1770520203],"iteration":545,"passed_time":4.654116065,"remaining_time":3.869906032},
{"learn":[0.1769301386],"iteration":546,"passed_time":4.668219371,"remaining_time":3.866002513},
{"learn":[0.1768267835],"iteration":547,"passed_time":4.681160428,"remaining_time":3.861103127},
{"learn":[0.176764035],"iteration":548,"passed_time":4.69327626,"remaining_time":3.855496527},
{"learn":[0.1766080715],"iteration":549,"passed_time":4.707619495,"remaining_time":3.851688678},
{"learn":[0.1765599613],"iteration":550,"passed_time":4.722708993,"remaining_time":3.848450704},
{"learn":[0.1764710833],"iteration":551,"passed_time":4.737650812,"remaining_time":3.845049934},
{"learn":[0.1763795514],"iteration":552,"passed_time":4.750601361,"remaining_time":3.839997845},
{"learn":[0.1761825212],"iteration":553,"passed_time":4.763692429,"remaining_time":3.835030367},
{"learn":[0.176156463],"iteration":554,"passed_time":4.776964265,"remaining_time":3.830178555},
{"learn":[0.1760630653],"iteration":555,"passed_time":4.79173621,"remaining_time":3.826494383},
{"learn":[0.1760346246],"iteration":556,"passed_time":4.804877384,"remaining_time":3.821473396},
{"learn":[0.17588528],"iteration":557,"passed_time":4.820633592,"remaining_time":3.818494709},
{"learn":[0.1757929761],"iteration":558,"passed_time":4.835640315,"remaining_time":3.814879032},
{"learn":[0.1757629021],"iteration":559,"passed_time":4.850880255,"remaining_time":3.811405915},
{"learn":[0.1756778473],"iteration":560,"passed_time":4.866002781,"remaining_time":3.807798968},
{"learn":[0.1756103373],"iteration":561,"passed_time":4.878456239,"remaining_time":3.802070877},
{"learn":[0.1755074164],"iteration":562,"passed_time":4.892716144,"remaining_time":3.797721057},
{"learn":[0.1754134164],"iteration":563,"passed_time":4.904920649,"remaining_time":3.791747169},
{"learn":[0.1753552557],"iteration":564,"passed_time":4.918352919,"remaining_time":3.786696496},
{"learn":[0.1751718721],"iteration":565,"passed_time":4.933023441,"remaining_time":3.782565678},
{"learn":[0.175102936],"iteration":566,"passed_time":4.947041964,"remaining_time":3.777899771},
{"learn":[0.1750395543],"iteration":567,"passed_time":4.961122512,"remaining_time":3.773248107},
{"learn":[0.1748868466],"iteration":568,"passed_time":4.974172646,"remaining_time":3.767782795},
{"learn":[0.1747992854],"iteration":569,"passed_time":4.987809726,"remaining_time":3.762733653},
{"learn":[0.1746946614],"iteration":570,"passed_time":5.006511483,"remaining_time":3.76145959},
{"learn":[0.1745603982],"iteration":571,"passed_time":5.021690314,"remaining_time":3.757488557},
{"learn":[0.174508836],"iteration":572,"passed_time":5.03519876,"remaining_time":3.752233631},
{"learn":[0.1744460351],"iteration":573,"passed_time":5.048326006,"remaining_time":3.746667036},
{"learn":[0.174341683],"iteration":574,"passed_time":5.062729971,"remaining_time":3.742017805},
{"learn":[0.1742482581],"iteration":575,"passed_time":5.074845889,"remaining_time":3.735650446},
{"learn":[0.1741819251],"iteration":576,"passed_time":5.086977033,"remaining_time":3.729274324},
{"learn":[0.1740282008],"iteration":577,"passed_time":5.098547234,"remaining_time":3.722468742},
{"learn":[0.1739609387],"iteration":578,"passed_time":5.112111642,"remaining_time":3.717096721},
{"learn":[0.1738958492],"iteration":579,"passed_time":5.125213267,"remaining_time":3.711361331},
{"learn":[0.1738050634],"iteration":580,"passed_time":5.137450043,"remaining_time":3.704976881},
{"learn":[0.1736770333],"iteration":581,"passed_time":5.150592191,"remaining_time":3.69922257},
{"learn":[0.1735723075],"iteration":582,"passed_time":5.164159002,"remaining_time":3.693746661},
{"learn":[0.1735074199],"iteration":583,"passed_time":5.17899717,"remaining_time":3.689148669},
{"learn":[0.1734271121],"iteration":584,"passed_time":5.193384034,"remaining_time":3.684195511},
{"learn":[0.1733340305],"iteration":585,"passed_time":5.205743107,"remaining_time":3.677777553},
{"learn":[0.1732499157],"iteration":586,"passed_time":5.215168309,"remaining_time":3.669275147},
{"learn":[0.1731552727],"iteration":587,"passed_time":5.224048344,"remaining_time":3.660387615},
{"learn":[0.1730106206],"iteration":588,"passed_time":5.231696092,"remaining_time":3.650640227},
{"learn":[0.1729152211],"iteration":589,"passed_time":5.244154591,"remaining_time":3.644243021},
{"learn":[0.172848505],"iteration":590,"passed_time":5.255238716,"remaining_time":3.63687417},
{"learn":[0.1727745207],"iteration":591,"passed_time":5.264140208,"remaining_time":3.627988522},
{"learn":[0.1727092006],"iteration":592,"passed_time":5.271900499,"remaining_time":3.618319567},
{"learn":[0.1726408044],"iteration":593,"passed_time":5.279250996,"remaining_time":3.608376943},
{"learn":[0.1725380767],"iteration":594,"passed_time":5.289786117,"remaining_time":3.600610718},
{"learn":[0.1724434577],"iteration":595,"passed_time":5.298943417,"remaining_time":3.591901242},
{"learn":[0.1723745949],"iteration":596,"passed_time":5.313487974,"remaining_time":3.58682689},
{"learn":[0.1723295698],"iteration":597,"passed_time":5.326910916,"remaining_time":3.58096687},
{"learn":[0.1722808056],"iteration":598,"passed_time":5.340600183,"remaining_time":3.575259889},
{"learn":[0.1721790357],"iteration":599,"passed_time":5.352661783,"remaining_time":3.568441189},
{"learn":[0.1721018591],"iteration":600,"passed_time":5.368877275,"remaining_time":3.564362783},
{"learn":[0.1720460433],"iteration":601,"passed_time":5.380583425,"remaining_time":3.557262796},
{"learn":[0.1719866878],"iteration":602,"passed_time":5.393600999,"remaining_time":3.55101094},
{"learn":[0.1716852283],"iteration":603,"passed_time":5.407798704,"remaining_time":3.545510409},
{"learn":[0.1716147675],"iteration":604,"passed_time":5.421507057,"remaining_time":3.539661632},
{"learn":[0.1715529821],"iteration":605,"passed_time":5.434137486,"remaining_time":3.533086088},
{"learn":[0.1714832412],"iteration":606,"passed_time":5.44694034,"remaining_time":3.52660223},
{"learn":[0.1713743978],"iteration":607,"passed_time":5.461295313,"remaining_time":3.521098294},
{"learn":[0.1712791784],"iteration":608,"passed_time":5.478727023,"remaining_time":3.517540666},
{"learn":[0.1712076837],"iteration":609,"passed_time":5.495515065,"remaining_time":3.513526025},
{"learn":[0.1711602083],"iteration":610,"passed_time":5.510892097,"remaining_time":3.508571237},
{"learn":[0.1710474582],"iteration":611,"passed_time":5.525194802,"remaining_time":3.50290128},
{"learn":[0.1709835583],"iteration":612,"passed_time":5.538783167,"remaining_time":3.496752179},
{"learn":[0.1708626471],"iteration":613,"passed_time":5.55278068,"remaining_time":3.490836063},
{"learn":[0.170812101],"iteration":614,"passed_time":5.566633055,"remaining_time":3.484802807},
{"learn":[0.1707647574],"iteration":615,"passed_time":5.577148727,"remaining_time":3.476664142},
{"learn":[0.1706913668],"iteration":616,"passed_time":5.585923112,"remaining_time":3.467436875},
{"learn":[0.1706104783],"iteration":617,"passed_time":5.594988395,"remaining_time":3.458390885},
{"learn":[0.1705350985],"iteration":618,"passed_time":5.604968435,"remaining_time":3.449907873},
{"learn":[0.1704679024],"iteration":619,"passed_time":5.613302225,"remaining_time":3.440411041},
{"learn":[0.170389365],"iteration":620,"passed_time":5.623171602,"remaining_time":3.431855132},
{"learn":[0.1702891548],"iteration":621,"passed_time":5.630738259,"remaining_time":3.421895598},
{"learn":[0.1702161609],"iteration":622,"passed_time":5.640768502,"remaining_time":3.413434551},
{"learn":[0.170004631],"iteration":623,"passed_time":5.648145881,"remaining_time":3.403369954},
{"learn":[0.1699094441],"iteration":624,"passed_time":5.659510615,"remaining_time":3.395706369},
{"learn":[0.1697601686],"iteration":625,"passed_time":5.671692883,"remaining_time":3.38851939},
{"learn":[0.1696968969],"iteration":626,"passed_time":5.679446186,"remaining_time":3.378681702},
{"learn":[0.1695487782],"iteration":627,"passed_time":5.687626653,"remaining_time":3.369103686},
{"learn":[0.1694691596],"iteration":628,"passed_time":5.694806221,"remaining_time":3.358939758},
{"learn":[0.1693871802],"iteration":629,"passed_time":5.702385384,"remaining_time":3.349019988},
{"learn":[0.1692982692],"iteration":630,"passed_time":5.709979675,"remaining_time":3.339116482},
{"learn":[0.1692291372],"iteration":631,"passed_time":5.719298888,"remaining_time":3.330224669},
{"learn":[0.1691450986],"iteration":632,"passed_time":5.726699964,"remaining_time":3.32021941},
{"learn":[0.1690213029],"iteration":633,"passed_time":5.734679321,"remaining_time":3.310556201},
{"learn":[0.1689371688],"iteration":634,"passed_time":5.742436333,"remaining_time":3.300770491},
{"learn":[0.1688482001],"iteration":635,"passed_time":5.75066123,"remaining_time":3.291258943},
{"learn":[0.1687754649],"iteration":636,"passed_time":5.758162896,"remaining_time":3.281339295},
{"learn":[0.1686490523],"iteration":637,"passed_time":5.765884286,"remaining_time":3.271551899},
{"learn":[0.1685670229],"iteration":638,"passed_time":5.774109216,"remaining_time":3.262055441},
{"learn":[0.1685037895],"iteration":639,"passed_time":5.786867308,"remaining_time":3.255112861},
{"learn":[0.1683745757],"iteration":640,"passed_time":5.795097749,"remaining_time":3.245616368},
{"learn":[0.1683407936],"iteration":641,"passed_time":5.805597964,"remaining_time":3.237389519},
{"learn":[0.1682698606],"iteration":642,"passed_time":5.81523281,"remaining_time":3.228675137},
{"learn":[0.1681434097],"iteration":643,"passed_time":5.826803659,"remaining_time":3.221028109},
{"learn":[0.1680541009],"iteration":644,"passed_time":5.836931187,"remaining_time":3.21257453},
{"learn":[0.1679227471],"iteration":645,"passed_time":5.844270229,"remaining_time":3.202587711},
{"learn":[0.1678677013],"iteration":646,"passed_time":5.852191577,"remaining_time":3.19292678},
{"learn":[0.1678094808],"iteration":647,"passed_time":5.861693764,"remaining_time":3.184129946},
{"learn":[0.167734996],"iteration":648,"passed_time":5.870142829,"remaining_time":3.174761376},
{"learn":[0.1676488792],"iteration":649,"passed_time":5.878480827,"remaining_time":3.16533583},
{"learn":[0.1675775082],"iteration":650,"passed_time":5.886575562,"remaining_time":3.155783212},
{"learn":[0.1674857406],"iteration":651,"passed_time":5.894730634,"remaining_time":3.146267271},
{"learn":[0.1674101731],"iteration":652,"passed_time":5.903121584,"remaining_time":3.136880842},
{"learn":[0.1673551276],"iteration":653,"passed_time":5.912797572,"remaining_time":3.128177309},
{"learn":[0.1672464881],"iteration":654,"passed_time":5.920791401,"remaining_time":3.118584784},
{"learn":[0.1671654968],"iteration":655,"passed_time":5.929237832,"remaining_time":3.109234473},
{"learn":[0.1670533831],"iteration":656,"passed_time":5.93739508,"remaining_time":3.09973594},
{"learn":[0.1669556008],"iteration":657,"passed_time":5.945790962,"remaining_time":3.090365515},
{"learn":[0.1668600597],"iteration":658,"passed_time":5.954095705,"remaining_time":3.080950889},
{"learn":[0.1667998412],"iteration":659,"passed_time":5.963084776,"remaining_time":3.071892157},
{"learn":[0.1667023659],"iteration":660,"passed_time":5.971378827,"remaining_time":3.06247719},
{"learn":[0.1666409538],"iteration":661,"passed_time":5.979442002,"remaining_time":3.052947729},
{"learn":[0.1665689516],"iteration":662,"passed_time":5.988436003,"remaining_time":3.043895826},
{"learn":[0.1664055154],"iteration":663,"passed_time":5.998327408,"remaining_time":3.035298206},
{"learn":[0.1663160816],"iteration":664,"passed_time":6.006340081,"remaining_time":3.025750267},
{"learn":[0.1661998462],"iteration":665,"passed_time":6.020232223,"remaining_time":3.019155499},
{"learn":[0.1661463444],"iteration":666,"passed_time":6.030282567,"remaining_time":3.010620832},
{"learn":[0.1660296824],"iteration":667,"passed_time":6.037968281,"remaining_time":3.000906391},
{"learn":[0.1659706392],"iteration":668,"passed_time":6.04550152,"remaining_time":2.991122576},
{"learn":[0.1659097984],"iteration":669,"passed_time":6.053521089,"remaining_time":2.981585014},
{"learn":[0.1658435356],"iteration":670,"passed_time":6.064778435,"remaining_time":2.973639501},
{"learn":[0.1657737648],"iteration":671,"passed_time":6.077405791,"remaining_time":2.966352827},
{"learn":[0.1656528722],"iteration":672,"passed_time":6.085346163,"remaining_time":2.95677295},
{"learn":[0.1656059105],"iteration":673,"passed_time":6.093325923,"remaining_time":2.94721699},
{"learn":[0.1655398585],"iteration":674,"passed_time":6.100783628,"remaining_time":2.937414339},
{"learn":[0.1654318903],"iteration":675,"passed_time":6.111920385,"remaining_time":2.92938196},
{"learn":[0.1653151123],"iteration":676,"passed_time":6.124476383,"remaining_time":2.922017536},
{"learn":[0.1652580144],"iteration":677,"passed_time":6.132092214,"remaining_time":2.912291582},
{"learn":[0.1651550433],"iteration":678,"passed_time":6.140263384,"remaining_time":2.902834383},
{"learn":[0.1650926283],"iteration":679,"passed_time":6.148366567,"remaining_time":2.893348973},
{"learn":[0.1649965907],"iteration":680,"passed_time":6.155941233,"remaining_time":2.883620049},
{"learn":[0.1649128493],"iteration":681,"passed_time":6.16388385,"remaining_time":2.874069009},
{"learn":[0.1648358755],"iteration":682,"passed_time":6.173106463,"remaining_time":2.865116763},
{"learn":[0.1647614897],"iteration":683,"passed_time":6.183234805,"remaining_time":2.856582161},
{"learn":[0.1646487891],"iteration":684,"passed_time":6.191748551,"remaining_time":2.847300428},
{"learn":[0.1645865805],"iteration":685,"passed_time":6.199098266,"remaining_time":2.837488128},
{"learn":[0.1645201253],"iteration":686,"passed_time":6.207232136,"remaining_time":2.82804026},
{"learn":[0.1644542916],"iteration":687,"passed_time":6.215444932,"remaining_time":2.818632004},
{"learn":[0.1643898863],"iteration":688,"passed_time":6.223296201,"remaining_time":2.809064032},
{"learn":[0.1643210269],"iteration":689,"passed_time":6.230827996,"remaining_time":2.799357505},
{"learn":[0.1642022428],"iteration":690,"passed_time":6.238841715,"remaining_time":2.789872779},
{"learn":[0.1641294826],"iteration":691,"passed_time":6.246332556,"remaining_time":2.780159577},
{"learn":[0.1640533614],"iteration":692,"passed_time":6.254019824,"remaining_time":2.770539807},
{"learn":[0.1639729086],"iteration":693,"passed_time":6.267480619,"remaining_time":2.763471282},
{"learn":[0.1638693692],"iteration":694,"passed_time":6.277517475,"remaining_time":2.75488177},
{"learn":[0.163807785],"iteration":695,"passed_time":6.285848328,"remaining_time":2.745542948},
{"learn":[0.1637064625],"iteration":696,"passed_time":6.293738657,"remaining_time":2.736015514},
{"learn":[0.1636470225],"iteration":697,"passed_time":6.300784312,"remaining_time":2.72612731},
{"learn":[0.1635551485],"iteration":698,"passed_time":6.314140009,"remaining_time":2.718964439},
{"learn":[0.163482286],"iteration":699,"passed_time":6.329076548,"remaining_time":2.712461378},
{"learn":[0.163428634],"iteration":700,"passed_time":6.338256498,"remaining_time":2.703478877},
{"learn":[0.1632548837],"iteration":701,"passed_time":6.345854324,"remaining_time":2.6938242},
{"learn":[0.1632018286],"iteration":702,"passed_time":6.359982441,"remaining_time":2.68693426},
{"learn":[0.1631411915],"iteration":703,"passed_time":6.375884799,"remaining_time":2.680769745},
{"learn":[0.1630694718],"iteration":704,"passed_time":6.390622683,"remaining_time":2.674090343},
{"learn":[0.1629881048],"iteration":705,"passed_time":6.405813577,"remaining_time":2.667576759},
{"learn":[0.1629235206],"iteration":706,"passed_time":6.422379452,"remaining_time":2.661608457},
{"learn":[0.1628577174],"iteration":707,"passed_time":6.436951867,"remaining_time":2.654788058},
{"learn":[0.1627934072],"iteration":708,"passed_time":6.451574119,"remaining_time":2.647966246},
{"learn":[0.1627450687],"iteration":709,"passed_time":6.470348309,"remaining_time":2.642818323},
{"learn":[0.1627010649],"iteration":710,"passed_time":6.486456681,"remaining_time":2.636548496},
{"learn":[0.1626456319],"iteration":711,"passed_time":6.500676021,"remaining_time":2.62948693},
{"learn":[0.1625793389],"iteration":712,"passed_time":6.512722821,"remaining_time":2.621530785},
{"learn":[0.1625098691],"iteration":713,"passed_time":6.527402762,"remaining_time":2.614617913},
{"learn":[0.1624267664],"iteration":714,"passed_time":6.53935619,"remaining_time":2.606596523},
{"learn":[0.1623668544],"iteration":715,"passed_time":6.5546454,"remaining_time":2.599887282},
{"learn":[0.1622715815],"iteration":716,"passed_time":6.571584228,"remaining_time":2.593805211},
{"learn":[0.1621575736],"iteration":717,"passed_time":6.583484708,"remaining_time":2.58571405},
{"learn":[0.1621181975],"iteration":718,"passed_time":6.591187812,"remaining_time":2.575971871},
{"learn":[0.1620389634],"iteration":719,"passed_time":6.59838466,"remaining_time":2.566038479},
{"learn":[0.1619709133],"iteration":720,"passed_time":6.607909723,"remaining_time":2.55701361},
{"learn":[0.16190486],"iteration":721,"passed_time":6.619526092,"remaining_time":2.548792595},
{"learn":[0.1618312526],"iteration":722,"passed_time":6.62699396,"remaining_time":2.53897279},
{"learn":[0.1617766453],"iteration":723,"passed_time":6.634523054,"remaining_time":2.529182822},
{"learn":[0.1617465811],"iteration":724,"passed_time":6.641747469,"remaining_time":2.519283523},
{"learn":[0.1616856886],"iteration":725,"passed_time":6.64921247,"remaining_time":2.509482392},
{"learn":[0.1616142965],"iteration":726,"passed_time":6.661653122,"remaining_time":2.501556124},
{"learn":[0.1615128899],"iteration":727,"passed_time":6.671250761,"remaining_time":2.492555229},
{"learn":[0.1614294064],"iteration":728,"passed_time":6.678718249,"remaining_time":2.48276083},
{"learn":[0.1613596136],"iteration":729,"passed_time":6.686622792,"remaining_time":2.473134457},
{"learn":[0.1612865693],"iteration":730,"passed_time":6.693796718,"remaining_time":2.463243936},
{"learn":[0.161235539],"iteration":731,"passed_time":6.700810457,"remaining_time":2.453302189},
{"learn":[0.1611830791],"iteration":732,"passed_time":6.711904699,"remaining_time":2.444854781},
{"learn":[0.1611498974],"iteration":733,"passed_time":6.721472919,"remaining_time":2.435847134},
{"learn":[0.1610526103],"iteration":734,"passed_time":6.729239212,"remaining_time":2.426188287},
{"learn":[0.1609710407],"iteration":735,"passed_time":6.736984315,"remaining_time":2.416526983},
{"learn":[0.1609155813],"iteration":736,"passed_time":6.744552484,"remaining_time":2.406807739},
{"learn":[0.1608527506],"iteration":737,"passed_time":6.753638041,"remaining_time":2.397633017},
{"learn":[0.1607774561],"iteration":738,"passed_time":6.764959605,"remaining_time":2.38924825},
{"learn":[0.1606624433],"iteration":739,"passed_time":6.773860842,"remaining_time":2.380005161},
{"learn":[0.1605955533],"iteration":740,"passed_time":6.781558459,"remaining_time":2.370342295},
{"learn":[0.1605287145],"iteration":741,"passed_time":6.78917382,"remaining_time":2.360656126},
{"learn":[0.1604748084],"iteration":742,"passed_time":6.796840282,"remaining_time":2.350993207},
{"learn":[0.1604088831],"iteration":743,"passed_time":6.807036958,"remaining_time":2.342206265},
{"learn":[0.1603047186],"iteration":744,"passed_time":6.818023446,"remaining_time":2.333685877},
{"learn":[0.1602709903],"iteration":745,"passed_time":6.82544428,"remaining_time":2.323944835},
{"learn":[0.1602088954],"iteration":746,"passed_time":6.832768603,"remaining_time":2.314177318},
{"learn":[0.1601509151],"iteration":747,"passed_time":6.840087361,"remaining_time":2.304414458},
{"learn":[0.1600800394],"iteration":748,"passed_time":6.847477804,"remaining_time":2.294682148},
{"learn":[0.1600214104],"iteration":749,"passed_time":6.859246605,"remaining_time":2.286415535},
{"learn":[0.1599681665],"iteration":750,"passed_time":6.869307068,"remaining_time":2.277573182},
{"learn":[0.1599123999],"iteration":751,"passed_time":6.87686941,"remaining_time":2.267903742},
{"learn":[0.1598658241],"iteration":752,"passed_time":6.883994492,"remaining_time":2.258096467},
{"learn":[0.1597977189],"iteration":753,"passed_time":6.892275211,"remaining_time":2.248673345},
{"learn":[0.1597678245],"iteration":754,"passed_time":6.900910206,"remaining_time":2.239368212},
{"learn":[0.1596963546],"iteration":755,"passed_time":6.913383189,"remaining_time":2.231303569},
{"learn":[0.1596210262],"iteration":756,"passed_time":6.925337785,"remaining_time":2.223060874},
{"learn":[0.1595672931],"iteration":757,"passed_time":6.932999944,"remaining_time":2.213437977},
{"learn":[0.1595019503],"iteration":758,"passed_time":6.940740683,"remaining_time":2.203845197},
{"learn":[0.1594468634],"iteration":759,"passed_time":6.952534718,"remaining_time":2.195537279},
{"learn":[0.1593788579],"iteration":760,"passed_time":6.962259117,"remaining_time":2.186570209},
{"learn":[0.1592941508],"iteration":761,"passed_time":6.975516654,"remaining_time":2.178704677},
{"learn":[0.1592406926],"iteration":762,"passed_time":6.987490124,"remaining_time":2.170426159},
{"learn":[0.1591997388],"iteration":763,"passed_time":6.996000403,"remaining_time":2.161068187},
{"learn":[0.1591589228],"iteration":764,"passed_time":7.010350742,"remaining_time":2.153506437},
{"learn":[0.15906928],"iteration":765,"passed_time":7.025400635,"remaining_time":2.146140664},
{"learn":[0.1590314904],"iteration":766,"passed_time":7.036414286,"remaining_time":2.137528721},
{"learn":[0.1589644936],"iteration":767,"passed_time":7.043879641,"remaining_time":2.127838642},
{"learn":[0.1589067073],"iteration":768,"passed_time":7.056635657,"remaining_time":2.119743611},
{"learn":[0.1588377855],"iteration":769,"passed_time":7.066005813,"remaining_time":2.110625113},
{"learn":[0.1587795328],"iteration":770,"passed_time":7.074928564,"remaining_time":2.101373075},
{"learn":[0.1587189761],"iteration":771,"passed_time":7.084562042,"remaining_time":2.092331795},
{"learn":[0.1586529791],"iteration":772,"passed_time":7.092735106,"remaining_time":2.082860115},
{"learn":[0.1585997815],"iteration":773,"passed_time":7.10547535,"remaining_time":2.074725361},
{"learn":[0.1584866625],"iteration":774,"passed_time":7.118624884,"remaining_time":2.066697547},
{"learn":[0.158439923],"iteration":775,"passed_time":7.126739162,"remaining_time":2.057203057},
{"learn":[0.1582781104],"iteration":776,"passed_time":7.136682003,"remaining_time":2.04823692},
{"learn":[0.1582243877],"iteration":777,"passed_time":7.14426571,"remaining_time":2.0385951},
{"learn":[0.1581289069],"iteration":778,"passed_time":7.159041574,"remaining_time":2.030998957},
{"learn":[0.1580336422],"iteration":779,"passed_time":7.170236068,"remaining_time":2.022374276},
{"learn":[0.1579712099],"iteration":780,"passed_time":7.178509852,"remaining_time":2.012924017},
{"learn":[0.1578697383],"iteration":781,"passed_time":7.1878045,"remaining_time":2.003761357},
{"learn":[0.1577949722],"iteration":782,"passed_time":7.198006085,"remaining_time":1.994849707},
{"learn":[0.1576484671],"iteration":783,"passed_time":7.211268176,"remaining_time":1.986777967},
{"learn":[0.1575935433],"iteration":784,"passed_time":7.221336511,"remaining_time":1.97781828},
{"learn":[0.1575516696],"iteration":785,"passed_time":7.231173214,"remaining_time":1.968792707},
{"learn":[0.1575077897],"iteration":786,"passed_time":7.239599216,"remaining_time":1.959383269},
{"learn":[0.1574581991],"iteration":787,"passed_time":7.25105375,"remaining_time":1.95079111},
{"learn":[0.1574026281],"iteration":788,"passed_time":7.263646397,"remaining_time":1.942496058},
{"learn":[0.1573564621],"iteration":789,"passed_time":7.271724281,"remaining_time":1.932989999},
{"learn":[0.1573092937],"iteration":790,"passed_time":7.281036234,"remaining_time":1.923813619},
{"learn":[0.1572575311],"iteration":791,"passed_time":7.288802345,"remaining_time":1.914230919},
{"learn":[0.1572081198],"iteration":792,"passed_time":7.30048034,"remaining_time":1.905673935},
{"learn":[0.157144647],"iteration":793,"passed_time":7.308314789,"remaining_time":1.896111897},
{"learn":[0.1570781563],"iteration":794,"passed_time":7.317523064,"remaining_time":1.886908463},
{"learn":[0.1569965544],"iteration":795,"passed_time":7.32566379,"remaining_time":1.877431424},
{"learn":[0.1569496758],"iteration":796,"passed_time":7.335482594,"remaining_time":1.868385153},
{"learn":[0.1569016127],"iteration":797,"passed_time":7.344236211,"remaining_time":1.859067311},
{"learn":[0.1568643283],"iteration":798,"passed_time":7.352425535,"remaining_time":1.849608927},
{"learn":[0.1568244263],"iteration":799,"passed_time":7.361750414,"remaining_time":1.840437603},
{"learn":[0.1567703364],"iteration":800,"passed_time":7.370078397,"remaining_time":1.831018229},
{"learn":[0.156727669],"iteration":801,"passed_time":7.379225699,"remaining_time":1.821803851},
{"learn":[0.1566645488],"iteration":802,"passed_time":7.388494971,"remaining_time":1.812619563},
{"learn":[0.1565600031],"iteration":803,"passed_time":7.398047134,"remaining_time":1.803504028},
{"learn":[0.1565143054],"iteration":804,"passed_time":7.407839035,"remaining_time":1.79444548},
{"learn":[0.1564538356],"iteration":805,"passed_time":7.417379986,"remaining_time":1.785324711},
{"learn":[0.15639717],"iteration":806,"passed_time":7.427736429,"remaining_time":1.776397932},
{"learn":[0.1563027646],"iteration":807,"passed_time":7.440077594,"remaining_time":1.76793923},
{"learn":[0.1562666874],"iteration":808,"passed_time":7.449982292,"remaining_time":1.758895696},
{"learn":[0.1562315255],"iteration":809,"passed_time":7.458668334,"remaining_time":1.749564177},
{"learn":[0.1561746857],"iteration":810,"passed_time":7.468094445,"remaining_time":1.74040672},
{"learn":[0.1561050123],"iteration":811,"passed_time":7.47774923,"remaining_time":1.731301546},
{"learn":[0.1560613356],"iteration":812,"passed_time":7.485281943,"remaining_time":1.721706917},
{"learn":[0.1559928421],"iteration":813,"passed_time":7.494576425,"remaining_time":1.71251992},
{"learn":[0.155914489],"iteration":814,"passed_time":7.503044432,"remaining_time":1.703145055},
{"learn":[0.1558256206],"iteration":815,"passed_time":7.513170763,"remaining_time":1.694146349},
{"learn":[0.1557745764],"iteration":816,"passed_time":7.521158348,"remaining_time":1.684665823},
{"learn":[0.1556984499],"iteration":817,"passed_time":7.530271811,"remaining_time":1.675439449},
{"learn":[0.1556004382],"iteration":818,"passed_time":7.538905029,"remaining_time":1.666107216},
{"learn":[0.1555308254],"iteration":819,"passed_time":7.548348849,"remaining_time":1.656954625},
{"learn":[0.1554876547],"iteration":820,"passed_time":7.558774528,"remaining_time":1.648015397},
{"learn":[0.1554256624],"iteration":821,"passed_time":7.571024371,"remaining_time":1.639467565},
{"learn":[0.1553594798],"iteration":822,"passed_time":7.583377573,"remaining_time":1.630932965},
{"learn":[0.1553040857],"iteration":823,"passed_time":7.593471706,"remaining_time":1.621906578},
{"learn":[0.1552574931],"iteration":824,"passed_time":7.601650016,"remaining_time":1.612471215},
{"learn":[0.1552034956],"iteration":825,"passed_time":7.611003524,"remaining_time":1.603286457},
{"learn":[0.1551380757],"iteration":826,"passed_time":7.618479449,"remaining_time":1.593708518},
{"learn":[0.1550739157],"iteration":827,"passed_time":7.628305588,"remaining_time":1.584623866},
{"learn":[0.1550230015],"iteration":828,"passed_time":7.636387512,"remaining_time":1.575177641},
{"learn":[0.1549825532],"iteration":829,"passed_time":7.645778311,"remaining_time":1.566002787},
{"learn":[0.1549493879],"iteration":830,"passed_time":7.653487632,"remaining_time":1.556485451},
{"learn":[0.1549063294],"iteration":831,"passed_time":7.66373842,"remaining_time":1.547485643},
{"learn":[0.1548525466],"iteration":832,"passed_time":7.673854735,"remaining_time":1.538455871},
{"learn":[0.1547561024],"iteration":833,"passed_time":7.682179718,"remaining_time":1.529066946},
{"learn":[0.1546753075],"iteration":834,"passed_time":7.692560351,"remaining_time":1.520086776},
{"learn":[0.1546273537],"iteration":835,"passed_time":7.700773404,"remaining_time":1.510678036},
{"learn":[0.154561483],"iteration":836,"passed_time":7.710569699,"remaining_time":1.501580479},
{"learn":[0.1545065228],"iteration":837,"passed_time":7.717888172,"remaining_time":1.492002248},
{"learn":[0.1544200165],"iteration":838,"passed_time":7.727841928,"remaining_time":1.482935102},
{"learn":[0.1543594376],"iteration":839,"passed_time":7.739584842,"remaining_time":1.474206637},
{"learn":[0.1542771662],"iteration":840,"passed_time":7.747626132,"remaining_time":1.464771171},
{"learn":[0.15422989],"iteration":841,"passed_time":7.757399053,"remaining_time":1.455663955},
{"learn":[0.1541864213],"iteration":842,"passed_time":7.76565429,"remaining_time":1.446272507},
{"learn":[0.1541031557],"iteration":843,"passed_time":7.774963683,"remaining_time":1.437078595},
{"learn":[0.154059222],"iteration":844,"passed_time":7.785384538,"remaining_time":1.428088288},
{"learn":[0.1539914053],"iteration":845,"passed_time":7.794875695,"remaining_time":1.418925363},
{"learn":[0.1539442681],"iteration":846,"passed_time":7.803647075,"remaining_time":1.409631644},
{"learn":[0.1538825861],"iteration":847,"passed_time":7.812098478,"remaining_time":1.400281803},
{"learn":[0.1538297544],"iteration":848,"passed_time":7.820833697,"remaining_time":1.390984556},
{"learn":[0.1537568723],"iteration":849,"passed_time":7.828259222,"remaining_time":1.38145751},
{"learn":[0.1537104875],"iteration":850,"passed_time":7.838767191,"remaining_time":1.372475102},
{"learn":[0.1536478112],"iteration":851,"passed_time":7.846215076,"remaining_time":1.362957548},
{"learn":[0.1535925469],"iteration":852,"passed_time":7.854672269,"remaining_time":1.353618785},
{"learn":[0.1535357475],"iteration":853,"passed_time":7.862095128,"remaining_time":1.344105256},
{"learn":[0.1534905546],"iteration":854,"passed_time":7.869468363,"remaining_time":1.334588202},
{"learn":[0.1534424272],"iteration":855,"passed_time":7.876814211,"remaining_time":1.325071549},
{"learn":[0.1533906877],"iteration":856,"passed_time":7.884366421,"remaining_time":1.315594397},
{"learn":[0.1533160339],"iteration":857,"passed_time":7.891588726,"remaining_time":1.306067132},
{"learn":[0.1532254113],"iteration":858,"passed_time":7.899003906,"remaining_time":1.296576893},
{"learn":[0.1531636585],"iteration":859,"passed_time":7.906762804,"remaining_time":1.287147433},
{"learn":[0.1530901915],"iteration":860,"passed_time":7.914271813,"remaining_time":1.277681512},
{"learn":[0.1530056944],"iteration":861,"passed_time":7.923140939,"remaining_time":1.268437877},
{"learn":[0.152936386],"iteration":862,"passed_time":7.930982402,"remaining_time":1.259031969},
{"learn":[0.1528713542],"iteration":863,"passed_time":7.939223433,"remaining_time":1.249692577},
{"learn":[0.1527712294],"iteration":864,"passed_time":7.948131497,"remaining_time":1.240459829},
{"learn":[0.1526945196],"iteration":865,"passed_time":7.958357609,"remaining_time":1.231431778},
{"learn":[0.1526111558],"iteration":866,"passed_time":7.968824418,"remaining_time":1.222437886},
{"learn":[0.1525592971],"iteration":867,"passed_time":7.977260364,"remaining_time":1.21313176},
{"learn":[0.1525013935],"iteration":868,"passed_time":7.987003451,"remaining_time":1.204024686},
{"learn":[0.1524782328],"iteration":869,"passed_time":7.994443185,"remaining_time":1.19457197},
{"learn":[0.1524161714],"iteration":870,"passed_time":8.003151081,"remaining_time":1.185311699},
{"learn":[0.1523725397],"iteration":871,"passed_time":8.010996413,"remaining_time":1.175926079},
{"learn":[0.152329224],"iteration":872,"passed_time":8.018726064,"remaining_time":1.166527159},
{"learn":[0.1522487308],"iteration":873,"passed_time":8.026073445,"remaining_time":1.15707695},
{"learn":[0.1521939762],"iteration":874,"passed_time":8.03339693,"remaining_time":1.147628133},
{"learn":[0.1521649394],"iteration":875,"passed_time":8.040914092,"remaining_time":1.138211584},
{"learn":[0.1520731555],"iteration":876,"passed_time":8.048748322,"remaining_time":1.128843835},
{"learn":[0.1519898539],"iteration":877,"passed_time":8.056427063,"remaining_time":1.119457975},
{"learn":[0.1519331509],"iteration":878,"passed_time":8.064543399,"remaining_time":1.110136236},
{"learn":[0.1518855761],"iteration":879,"passed_time":8.072035989,"remaining_time":1.10073218},
{"learn":[0.1518190605],"iteration":880,"passed_time":8.080049172,"remaining_time":1.091402783},
{"learn":[0.1516911584],"iteration":881,"passed_time":8.088574614,"remaining_time":1.082144903},
{"learn":[0.151552754],"iteration":882,"passed_time":8.095637196,"remaining_time":1.072694849},
{"learn":[0.1514807919],"iteration":883,"passed_time":8.104466262,"remaining_time":1.063481998},
{"learn":[0.151412354],"iteration":884,"passed_time":8.111892501,"remaining_time":1.054087726},
{"learn":[0.1513270675],"iteration":885,"passed_time":8.12024066,"remaining_time":1.044816518},
{"learn":[0.1512616557],"iteration":886,"passed_time":8.127613955,"remaining_time":1.035423198},
{"learn":[0.1512226775],"iteration":887,"passed_time":8.13548903,"remaining_time":1.026097715},
{"learn":[0.1511504403],"iteration":888,"passed_time":8.143096593,"remaining_time":1.016742094},
{"learn":[0.1511017666],"iteration":889,"passed_time":8.153109747,"remaining_time":1.007687721},
{"learn":[0.1510502016],"iteration":890,"passed_time":8.160457827,"remaining_time":0.9983051662},
{"learn":[0.1510209238],"iteration":891,"passed_time":8.168250397,"remaining_time":0.9889809897},
{"learn":[0.1509476789],"iteration":892,"passed_time":8.175881842,"remaining_time":0.9796409374},
{"learn":[0.1508840428],"iteration":893,"passed_time":8.183676577,"remaining_time":0.9703240684},
{"learn":[0.1508571144],"iteration":894,"passed_time":8.191119714,"remaining_time":0.9609693519},
{"learn":[0.1507928507],"iteration":895,"passed_time":8.198472807,"remaining_time":0.9516084508},
{"learn":[0.1507407901],"iteration":896,"passed_time":8.2114242,"remaining_time":0.9428948636},
{"learn":[0.1506833149],"iteration":897,"passed_time":8.21875349,"remaining_time":0.9335332471},
{"learn":[0.1506330855],"iteration":898,"passed_time":8.226416494,"remaining_time":0.9242136439},
{"learn":[0.1505902986],"iteration":899,"passed_time":8.23352582,"remaining_time":0.9148362022},
{"learn":[0.150558149],"iteration":900,"passed_time":8.240969015,"remaining_time":0.90550048},
{"learn":[0.1505155324],"iteration":901,"passed_time":8.248778831,"remaining_time":0.8962087866},
{"learn":[0.1504667765],"iteration":902,"passed_time":8.25660735,"remaining_time":0.8869223843},
{"learn":[0.1503771476],"iteration":903,"passed_time":8.264389744,"remaining_time":0.8776343091},
{"learn":[0.1503097388],"iteration":904,"passed_time":8.271763766,"remaining_time":0.8683066936},
{"learn":[0.1502353049],"iteration":905,"passed_time":8.279618735,"remaining_time":0.8590332904},
{"learn":[0.1501673213],"iteration":906,"passed_time":8.286975467,"remaining_time":0.8497119277},
{"learn":[0.1501317061],"iteration":907,"passed_time":8.294857376,"remaining_time":0.8404481042},
{"learn":[0.1500900148],"iteration":908,"passed_time":8.301779989,"remaining_time":0.831091286},
{"learn":[0.1499997072],"iteration":909,"passed_time":8.309146162,"remaining_time":0.8217836864},
{"learn":[0.149943401],"iteration":910,"passed_time":8.31709472,"remaining_time":0.8125372449},
{"learn":[0.1498661866],"iteration":911,"passed_time":8.324703211,"remaining_time":0.8032608361},
{"learn":[0.1498052208],"iteration":912,"passed_time":8.333029012,"remaining_time":0.7940564338},
{"learn":[0.1497639127],"iteration":913,"passed_time":8.340720443,"remaining_time":0.7847942649},
{"learn":[0.1497026258],"iteration":914,"passed_time":8.347838888,"remaining_time":0.775482301},
{"learn":[0.1496552835],"iteration":915,"passed_time":8.355345505,"remaining_time":0.7662107232},
{"learn":[0.1496118247],"iteration":916,"passed_time":8.363517108,"remaining_time":0.7570031842},
{"learn":[0.1495232904],"iteration":917,"passed_time":8.370776478,"remaining_time":0.7477164175},
{"learn":[0.1494297115],"iteration":918,"passed_time":8.378684979,"remaining_time":0.7384912767},
{"learn":[0.149365689],"iteration":919,"passed_time":8.386152739,"remaining_time":0.729230673},
{"learn":[0.1493067284],"iteration":920,"passed_time":8.393437454,"remaining_time":0.7199582615},
{"learn":[0.1492366211],"iteration":921,"passed_time":8.401071377,"remaining_time":0.7107197043},
{"learn":[0.1491829614],"iteration":922,"passed_time":8.408629723,"remaining_time":0.7014783193},
{"learn":[0.1491456165],"iteration":923,"passed_time":8.416469337,"remaining_time":0.6922637117},
{"learn":[0.1491084701],"iteration":924,"passed_time":8.424204226,"remaining_time":0.6830435859},
{"learn":[0.1490629339],"iteration":925,"passed_time":8.431280757,"remaining_time":0.6737740562},
{"learn":[0.1489459512],"iteration":926,"passed_time":8.438545786,"remaining_time":0.6645241018},
{"learn":[0.1488832442],"iteration":927,"passed_time":8.445966636,"remaining_time":0.6552905149},
{"learn":[0.1488278473],"iteration":928,"passed_time":8.453565004,"remaining_time":0.6460743975},
{"learn":[0.1487185784],"iteration":929,"passed_time":8.460933298,"remaining_time":0.6368444418},
{"learn":[0.1486706353],"iteration":930,"passed_time":8.468491839,"remaining_time":0.6276325853},
{"learn":[0.1486359541],"iteration":931,"passed_time":8.475993112,"remaining_time":0.6184200983},
{"learn":[0.1485480994],"iteration":932,"passed_time":8.483203477,"remaining_time":0.609190389},
{"learn":[0.1484810534],"iteration":933,"passed_time":8.490613275,"remaining_time":0.5999790965},
{"learn":[0.1484394055],"iteration":934,"passed_time":8.497622276,"remaining_time":0.5907437946},
{"learn":[0.148385408],"iteration":935,"passed_time":8.505391716,"remaining_time":0.5815652456},
{"learn":[0.1483200177],"iteration":936,"passed_time":8.512836532,"remaining_time":0.5723678778},
{"learn":[0.1482526098],"iteration":937,"passed_time":8.520237128,"remaining_time":0.563171324},
{"learn":[0.1481964441],"iteration":938,"passed_time":8.527656022,"remaining_time":0.5539797842},
{"learn":[0.1481419898],"iteration":939,"passed_time":8.534784295,"remaining_time":0.5447734656},
{"learn":[0.148096364],"iteration":940,"passed_time":8.542321123,"remaining_time":0.5355971798},
{"learn":[0.1480482574],"iteration":941,"passed_time":8.550087865,"remaining_time":0.526438531},
{"learn":[0.1480347155],"iteration":942,"passed_time":8.559889902,"remaining_time":0.5174058583},
{"learn":[0.1479887182],"iteration":943,"passed_time":8.567701461,"remaining_time":0.5082534765},
{"learn":[0.1479327192],"iteration":944,"passed_time":8.57557215,"remaining_time":0.4991073738},
{"learn":[0.1478742127],"iteration":945,"passed_time":8.583734711,"remaining_time":0.4899806283},
{"learn":[0.1478376685],"iteration":946,"passed_time":8.591467037,"remaining_time":0.4808318405},
{"learn":[0.1477514176],"iteration":947,"passed_time":8.599375292,"remaining_time":0.4716956911},
{"learn":[0.1476988512],"iteration":948,"passed_time":8.60715835,"remaining_time":0.4625554013},
{"learn":[0.1476350387],"iteration":949,"passed_time":8.614553749,"remaining_time":0.4533975657},
{"learn":[0.1475850249],"iteration":950,"passed_time":8.621748301,"remaining_time":0.4442330881},
{"learn":[0.1475427567],"iteration":951,"passed_time":8.629073848,"remaining_time":0.4350793537},
{"learn":[0.1474668983],"iteration":952,"passed_time":8.636749625,"remaining_time":0.4259467286},
{"learn":[0.1473883798],"iteration":953,"passed_time":8.644459539,"remaining_time":0.4168188038},
{"learn":[0.1472710666],"iteration":954,"passed_time":8.651949697,"remaining_time":0.4076834936},
{"learn":[0.1472277382],"iteration":955,"passed_time":8.659607487,"remaining_time":0.3985593404},
{"learn":[0.1471781424],"iteration":956,"passed_time":8.667282911,"remaining_time":0.3894390441},
{"learn":[0.1470711687],"iteration":957,"passed_time":8.675047014,"remaining_time":0.380325652},
{"learn":[0.1470165356],"iteration":958,"passed_time":8.682418508,"remaining_time":0.3711982887},
{"learn":[0.1469661325],"iteration":959,"passed_time":8.689541568,"remaining_time":0.362064232},
{"learn":[0.1469228447],"iteration":960,"passed_time":8.696976921,"remaining_time":0.3529470343},
{"learn":[0.1468908935],"iteration":961,"passed_time":8.70574215,"remaining_time":0.3438858646},
{"learn":[0.1468739882],"iteration":962,"passed_time":8.712720124,"remaining_time":0.3347566403},
{"learn":[0.1468337825],"iteration":963,"passed_time":8.719934978,"remaining_time":0.3256407253},
{"learn":[0.1467645085],"iteration":964,"passed_time":8.727684285,"remaining_time":0.3165481347},
{"learn":[0.1467243883],"iteration":965,"passed_time":8.735202054,"remaining_time":0.3074501758},
{"learn":[0.1466881695],"iteration":966,"passed_time":8.742630207,"remaining_time":0.2983524269},
{"learn":[0.1466334827],"iteration":967,"passed_time":8.751167333,"remaining_time":0.2892947879},
{"learn":[0.1465486493],"iteration":968,"passed_time":8.758552518,"remaining_time":0.2802013705},
{"learn":[0.1464548068],"iteration":969,"passed_time":8.766147998,"remaining_time":0.2711179793},
{"learn":[0.1463989923],"iteration":970,"passed_time":8.773688197,"remaining_time":0.2620360018},
{"learn":[0.1463360621],"iteration":971,"passed_time":8.781191696,"remaining_time":0.2529561394},
{"learn":[0.1462972527],"iteration":972,"passed_time":8.788455264,"remaining_time":0.2438728593},
{"learn":[0.1462721745],"iteration":973,"passed_time":8.795827277,"remaining_time":0.2347962107},
{"learn":[0.146224352],"iteration":974,"passed_time":8.803586591,"remaining_time":0.2257329895},
{"learn":[0.1461768208],"iteration":975,"passed_time":8.811038735,"remaining_time":0.2166648869},
{"learn":[0.1461427426],"iteration":976,"passed_time":8.81864202,"remaining_time":0.2076036504},
{"learn":[0.1460888093],"iteration":977,"passed_time":8.82608261,"remaining_time":0.1985417356},
{"learn":[0.1460176649],"iteration":978,"passed_time":8.833526063,"remaining_time":0.1894831944},
{"learn":[0.1459405502],"iteration":979,"passed_time":8.840749387,"remaining_time":0.1804234569},
{"learn":[0.1458647754],"iteration":980,"passed_time":8.847878034,"remaining_time":0.1713656296},
{"learn":[0.1458032212],"iteration":981,"passed_time":8.855286616,"remaining_time":0.1623168626},
{"learn":[0.1456191394],"iteration":982,"passed_time":8.862845746,"remaining_time":0.1532740363},
{"learn":[0.1455596799],"iteration":983,"passed_time":8.870231744,"remaining_time":0.1442314105},
{"learn":[0.1455042275],"iteration":984,"passed_time":8.877850047,"remaining_time":0.135195686},
{"learn":[0.1454556539],"iteration":985,"passed_time":8.885441491,"remaining_time":0.1261624553},
{"learn":[0.1453828117],"iteration":986,"passed_time":8.893044426,"remaining_time":0.1171322974},
{"learn":[0.1453428322],"iteration":987,"passed_time":8.900378834,"remaining_time":0.1081017672},
{"learn":[0.1452630656],"iteration":988,"passed_time":8.907596024,"remaining_time":0.09907336326},
{"learn":[0.1451916859],"iteration":989,"passed_time":8.914820347,"remaining_time":0.09004869037},
{"learn":[0.1451452204],"iteration":990,"passed_time":8.922441116,"remaining_time":0.08103125131},
{"learn":[0.145086175],"iteration":991,"passed_time":8.930181651,"remaining_time":0.07201759396},
{"learn":[0.1450469799],"iteration":992,"passed_time":8.937335959,"remaining_time":0.06300236829},
{"learn":[0.1449888602],"iteration":993,"passed_time":8.944833888,"remaining_time":0.05399296109},
{"learn":[0.1449299645],"iteration":994,"passed_time":8.952838455,"remaining_time":0.04498913796},
{"learn":[0.1448829456],"iteration":995,"passed_time":8.960380835,"remaining_time":0.0359854652},
{"learn":[0.1448257103],"iteration":996,"passed_time":8.96811335,"remaining_time":0.02698529594},
{"learn":[0.1447801454],"iteration":997,"passed_time":8.975407614,"remaining_time":0.0179867888},
{"learn":[0.1447182048],"iteration":998,"passed_time":8.983721277,"remaining_time":0.008992713991},
{"learn":[0.1446903131],"iteration":999,"passed_time":8.991115579,"remaining_time":0}
]}